{"cameraMode":{"drawMode":0,"name":"Shaded","section":"Shading Mode"},"sceneLighting":false,"audioPlay":false,"sceneViewState":{"showFog":true,"showMaterialUpdate":false,"showSkybox":false,"showFlares":true,"showImageEffects":true,"showParticleSystems":true},"in2DMode":false,"pivot":{"x":1.5500730276107789,"y":0.23113694787025453,"z":-1.0465478897094727},"rotation":{"x":-0.003987555392086506,"y":-0.903265118598938,"z":0.008410807698965073,"w":-0.42898282408714297},"size":2.6953749656677248,"orthographic":false}