{"cameraMode":{"drawMode":0,"name":"Shaded","section":"Shading Mode"},"sceneLighting":false,"audioPlay":false,"sceneViewState":{"showFog":true,"showMaterialUpdate":false,"showSkybox":false,"showFlares":true,"showImageEffects":true,"showParticleSystems":true},"in2DMode":false,"pivot":{"x":-0.0003757476806640625,"y":0.06202042102813721,"z":-0.8972418308258057},"rotation":{"x":0.3782506287097931,"y":-0.2531808018684387,"z":0.10835836082696915,"w":0.8837898373603821},"size":10.23592472076416,"orthographic":true}