{"cameraMode":{"drawMode":0,"name":"Shaded","section":"Shading Mode"},"sceneLighting":false,"audioPlay":false,"sceneViewState":{"showFog":true,"showMaterialUpdate":false,"showSkybox":false,"showFlares":true,"showImageEffects":true,"showParticleSystems":true},"in2DMode":false,"pivot":{"x":0.00003528594970703125,"y":0.0000017285346984863282,"z":-0.00011289119720458984},"rotation":{"x":0.13184532523155213,"y":0.5685287714004517,"z":-0.09291006624698639,"w":0.8066966533660889},"size":2.1241533756256105,"orthographic":false}