{"cameraMode":{"drawMode":0,"name":"Shaded","section":"Shading Mode"},"sceneLighting":true,"audioPlay":false,"sceneViewState":{"showFog":true,"showMaterialUpdate":false,"showSkybox":false,"showFlares":true,"showImageEffects":true,"showParticleSystems":true},"in2DMode":false,"pivot":{"x":0.08224333822727204,"y":7.772317409515381,"z":-0.4443359375},"rotation":{"x":-0.01689857989549637,"y":0.7485875487327576,"z":-0.019093122333288194,"w":-0.6625458598136902},"size":4.634796142578125,"orthographic":true}