{"cameraMode":{"drawMode":0,"name":"Shaded","section":"Shading Mode"},"sceneLighting":false,"audioPlay":false,"sceneViewState":{"showFog":true,"showMaterialUpdate":false,"showSkybox":false,"showFlares":true,"showImageEffects":true,"showParticleSystems":true},"in2DMode":false,"pivot":{"x":-1.0909018516540528,"y":1.4949136972427369,"z":-1.132326602935791},"rotation":{"x":0.13972114026546479,"y":-0.8497717976570129,"z":0.27971214056015017,"w":0.4244137406349182},"size":6.751427173614502,"orthographic":false}