{"cameraMode":{"drawMode":0,"name":"Shaded","section":"Shading Mode"},"sceneLighting":false,"audioPlay":false,"sceneViewState":{"showFog":true,"showMaterialUpdate":false,"showSkybox":false,"showFlares":true,"showImageEffects":true,"showParticleSystems":true},"in2DMode":false,"pivot":{"x":-2.9802322387695315e-8,"y":-2.9802322387695315e-8,"z":0.01249999925494194},"rotation":{"x":-0.10839948803186417,"y":0.8534091711044312,"z":-0.1966758817434311,"w":-0.47039732336997988},"size":0.5234082937240601,"orthographic":false}