{"cameraMode":{"drawMode":0,"name":"Shaded","section":"Shading Mode"},"sceneLighting":false,"audioPlay":false,"sceneViewState":{"showFog":true,"showMaterialUpdate":false,"showSkybox":false,"showFlares":true,"showImageEffects":true,"showParticleSystems":true},"in2DMode":false,"pivot":{"x":-1.4561901092529297,"y":1.819556474685669,"z":0.37201380729675295},"rotation":{"x":-0.10546793043613434,"y":0.7044646143913269,"z":-0.10711901634931565,"w":-0.6936364769935608},"size":3.592724323272705,"orthographic":false}