{"cameraMode":{"drawMode":0,"name":"Shaded","section":"Shading Mode"},"sceneLighting":false,"audioPlay":false,"sceneViewState":{"showFog":true,"showMaterialUpdate":false,"showSkybox":false,"showFlares":true,"showImageEffects":true,"showParticleSystems":true},"in2DMode":false,"pivot":{"x":360.59619140625,"y":344.2625427246094,"z":-248.29331970214845},"rotation":{"x":-0.030657673254609109,"y":0.9559081196784973,"z":-0.1079956516623497,"w":-0.27136197686195376},"size":0.6956746578216553,"orthographic":true}