{"cameraMode":{"drawMode":0,"name":"Shaded","section":"Shading Mode"},"sceneLighting":false,"audioPlay":false,"sceneViewState":{"showFog":true,"showMaterialUpdate":false,"showSkybox":false,"showFlares":true,"showImageEffects":true,"showParticleSystems":true},"in2DMode":false,"pivot":{"x":0.07421875,"y":1.5872350931167603,"z":-0.2901719808578491},"rotation":{"x":0.04831850528717041,"y":-0.9285736083984375,"z":0.13038280606269837,"w":0.34411922097206118},"size":2.876530885696411,"orthographic":true}