{"cameraMode":{"drawMode":0,"name":"Shaded","section":"Shading Mode"},"sceneLighting":true,"audioPlay":false,"sceneViewState":{"showFog":true,"showMaterialUpdate":false,"showSkybox":false,"showFlares":true,"showImageEffects":true,"showParticleSystems":true},"in2DMode":false,"pivot":{"x":1.58642578125,"y":7.944091796875,"z":-1.76318359375},"rotation":{"x":-0.060536645352840427,"y":0.9135836362838745,"z":-0.14790242910385133,"w":-0.3739321231842041},"size":4.095090866088867,"orthographic":true}