{"cameraMode":{"drawMode":0,"name":"Shaded","section":"Shading Mode"},"sceneLighting":false,"audioPlay":false,"sceneViewState":{"showFog":true,"showMaterialUpdate":false,"showSkybox":false,"showFlares":true,"showImageEffects":true,"showParticleSystems":true},"in2DMode":false,"pivot":{"x":-1.36834716796875,"y":8.39501953125,"z":3.5272216796875},"rotation":{"x":0.09490663558244705,"y":-0.8865485191345215,"z":-0.40134599804878237,"w":-0.20964083075523377},"size":1.0558972358703614,"orthographic":true}