{"cameraMode":{"drawMode":0,"name":"Shaded","section":"Shading Mode"},"sceneLighting":false,"audioPlay":false,"sceneViewState":{"showFog":true,"showMaterialUpdate":false,"showSkybox":false,"showFlares":true,"showImageEffects":true,"showParticleSystems":true},"in2DMode":false,"pivot":{"x":2.9019775390625,"y":4.23095703125,"z":1.1953125},"rotation":{"x":0.00985039584338665,"y":-0.9658060669898987,"z":0.2564082145690918,"w":0.037103474140167239},"size":3.1565792560577394,"orthographic":true}