{"cameraMode":{"drawMode":0,"name":"Shaded","section":"Shading Mode"},"sceneLighting":false,"audioPlay":false,"sceneViewState":{"showFog":true,"showMaterialUpdate":false,"showSkybox":false,"showFlares":true,"showImageEffects":true,"showParticleSystems":true},"in2DMode":false,"pivot":{"x":0.0,"y":0.4753851592540741,"z":-1.5459954738616944e-7},"rotation":{"x":0.2926900088787079,"y":-0.485575407743454,"z":0.17664273083209992,"w":0.8045786023139954},"size":0.5198397636413574,"orthographic":true}