{"cameraMode":{"drawMode":0,"name":"Shaded","section":"Shading Mode"},"sceneLighting":false,"audioPlay":false,"sceneViewState":{"showFog":true,"showMaterialUpdate":false,"showSkybox":false,"showFlares":true,"showImageEffects":true,"showParticleSystems":true},"in2DMode":false,"pivot":{"x":0.0011903047561645508,"y":-4.032730771541537e-8,"z":0.2475743591785431},"rotation":{"x":0.45065343379974368,"y":0.2325233519077301,"z":-0.12283118069171906,"w":0.8530866503715515},"size":11.671210289001465,"orthographic":false}