{"cameraMode":{"drawMode":0,"name":"Shaded","section":"Shading Mode"},"sceneLighting":false,"audioPlay":false,"sceneViewState":{"showFog":true,"showMaterialUpdate":false,"showSkybox":false,"showFlares":true,"showImageEffects":true,"showParticleSystems":true},"in2DMode":false,"pivot":{"x":0.0,"y":-0.009992741048336029,"z":-0.004773378372192383},"rotation":{"x":0.2321196347475052,"y":0.44995975494384768,"z":-0.12235148251056671,"w":0.8536316156387329},"size":127.34298706054688,"orthographic":false}