{"cameraMode":{"drawMode":0,"name":"Shaded","section":"Shading Mode"},"sceneLighting":false,"audioPlay":false,"sceneViewState":{"showFog":true,"showMaterialUpdate":false,"showSkybox":false,"showFlares":true,"showImageEffects":true,"showParticleSystems":true},"in2DMode":false,"pivot":{"x":-0.5224609375,"y":4.84368896484375,"z":-0.419189453125},"rotation":{"x":0.029638970270752908,"y":-0.7625581622123718,"z":0.0350240096449852,"w":0.6452932357788086},"size":4.659512996673584,"orthographic":true}