{"cameraMode":{"drawMode":0,"name":"Shaded","section":"Shading Mode"},"sceneLighting":false,"audioPlay":false,"sceneViewState":{"showFog":true,"showMaterialUpdate":false,"showSkybox":false,"showFlares":true,"showImageEffects":true,"showParticleSystems":true},"in2DMode":false,"pivot":{"x":394.00341796875,"y":343.47833251953127,"z":-252.8212890625},"rotation":{"x":-0.05890393257141113,"y":0.9227205514907837,"z":-0.15649206936359406,"w":-0.3473145067691803},"size":1.7200144529342652,"orthographic":true}