{"cameraMode":{"drawMode":0,"name":"Shaded","section":"Shading Mode"},"sceneLighting":false,"audioPlay":false,"sceneViewState":{"showFog":true,"showMaterialUpdate":false,"showSkybox":false,"showFlares":true,"showImageEffects":true,"showParticleSystems":true},"in2DMode":false,"pivot":{"x":0.013001978397369385,"y":0.44999998807907107,"z":5.960464477539063e-8},"rotation":{"x":0.1224302425980568,"y":0.06456440687179566,"z":-0.007981725037097931,"w":0.9903426766395569},"size":38.9169807434082,"orthographic":true}