{"cameraMode":{"drawMode":0,"name":"Shaded","section":"Shading Mode"},"sceneLighting":false,"audioPlay":false,"sceneViewState":{"showFog":true,"showMaterialUpdate":false,"showSkybox":false,"showFlares":true,"showImageEffects":true,"showParticleSystems":true},"in2DMode":false,"pivot":{"x":1.5284826755523682,"y":-0.14561212062835694,"z":-0.5409011840820313},"rotation":{"x":0.05613939091563225,"y":0.9069907069206238,"z":-0.12818332016468049,"w":0.39722445607185366},"size":2.7733566761016847,"orthographic":false}