{"cameraMode":{"drawMode":0,"name":"Shaded","section":"Shading Mode"},"sceneLighting":false,"audioPlay":false,"sceneViewState":{"showFog":true,"showMaterialUpdate":false,"showSkybox":false,"showFlares":true,"showImageEffects":true,"showParticleSystems":true},"in2DMode":false,"pivot":{"x":-9.14063835144043,"y":-3.2997169494628908,"z":5.557211399078369},"rotation":{"x":-0.21621593832969666,"y":0.7046514749526978,"z":-0.24136000871658326,"w":-0.6312394738197327},"size":19.285085678100587,"orthographic":false}