{"cameraMode":{"drawMode":0,"name":"Shaded","section":"Shading Mode"},"sceneLighting":false,"audioPlay":false,"sceneViewState":{"showFog":true,"showMaterialUpdate":false,"showSkybox":false,"showFlares":true,"showImageEffects":true,"showParticleSystems":true},"in2DMode":false,"pivot":{"x":1.2430200576782227,"y":0.31579089164733889,"z":0.0034961700439453127},"rotation":{"x":0.06586390733718872,"y":0.8760226368904114,"z":-0.12514838576316834,"w":0.4610685706138611},"size":8.45504093170166,"orthographic":false}