{"cameraMode":{"drawMode":0,"name":"Shaded","section":"Shading Mode"},"sceneLighting":false,"audioPlay":false,"sceneViewState":{"showFog":true,"showMaterialUpdate":false,"showSkybox":false,"showFlares":true,"showImageEffects":true,"showParticleSystems":true},"in2DMode":false,"pivot":{"x":0.09814453125,"y":0.365824818611145,"z":0.1732943207025528},"rotation":{"x":0.10676728188991547,"y":-0.8053452968597412,"z":0.15279874205589295,"w":0.5627498626708984},"size":0.9838049411773682,"orthographic":true}