{"cameraMode":{"drawMode":0,"name":"Shaded","section":"Shading Mode"},"sceneLighting":false,"audioPlay":false,"sceneViewState":{"showFog":true,"showMaterialUpdate":false,"showSkybox":false,"showFlares":true,"showImageEffects":true,"showParticleSystems":true},"in2DMode":false,"pivot":{"x":0.0068636806681752209,"y":0.339741051197052,"z":-0.082763671875},"rotation":{"x":0.05683266744017601,"y":-0.31835824251174929,"z":0.01912403292953968,"w":0.946073055267334},"size":1.2783095836639405,"orthographic":true}