{"cameraMode":{"drawMode":0,"name":"Shaded","section":"Shading Mode"},"sceneLighting":false,"audioPlay":false,"sceneViewState":{"showFog":true,"showMaterialUpdate":false,"showSkybox":false,"showFlares":true,"showImageEffects":true,"showParticleSystems":true},"in2DMode":false,"pivot":{"x":190.92431640625,"y":346.72772216796877,"z":-239.44227600097657},"rotation":{"x":-0.152744859457016,"y":-0.44941580295562746,"z":0.07830286026000977,"w":-0.8766791224479675},"size":3.9518210887908937,"orthographic":false}