{"cameraMode":{"drawMode":0,"name":"Shaded","section":"Shading Mode"},"sceneLighting":false,"audioPlay":false,"sceneViewState":{"showFog":true,"showMaterialUpdate":false,"showSkybox":false,"showFlares":true,"showImageEffects":true,"showParticleSystems":true},"in2DMode":false,"pivot":{"x":254.70126342773438,"y":342.1065368652344,"z":-207.2691650390625},"rotation":{"x":-0.12542764842510224,"y":0.6025360226631165,"z":-0.09662659466266632,"w":-0.7822371125221252},"size":1.2546916007995606,"orthographic":false}