{"cameraMode":{"drawMode":0,"name":"Shaded","section":"Shading Mode"},"sceneLighting":false,"audioPlay":false,"sceneViewState":{"showFog":true,"showMaterialUpdate":false,"showSkybox":false,"showFlares":true,"showImageEffects":true,"showParticleSystems":true},"in2DMode":false,"pivot":{"x":0.71588134765625,"y":2.5065255165100099,"z":1.266427755355835},"rotation":{"x":-0.13693508505821229,"y":0.14618003368377686,"z":-0.02043900452554226,"w":-0.979521632194519},"size":2.1999504566192629,"orthographic":false}