{"cameraMode":{"drawMode":0,"name":"Shaded","section":"Shading Mode"},"sceneLighting":false,"audioPlay":false,"sceneViewState":{"showFog":true,"showMaterialUpdate":false,"showSkybox":false,"showFlares":true,"showImageEffects":true,"showParticleSystems":true},"in2DMode":false,"pivot":{"x":34.35352325439453,"y":0.9506492614746094,"z":32.816246032714847},"rotation":{"x":0.09014809131622315,"y":0.9095056056976318,"z":-0.2732887864112854,"w":0.30000051856040957},"size":1.572740077972412,"orthographic":false}