{"cameraMode":{"drawMode":0,"name":"Shaded","section":"Shading Mode"},"sceneLighting":false,"audioPlay":false,"sceneViewState":{"showFog":true,"showMaterialUpdate":false,"showSkybox":false,"showFlares":true,"showImageEffects":true,"showParticleSystems":true},"in2DMode":false,"pivot":{"x":-0.02104198932647705,"y":0.0,"z":-0.008579164743423462},"rotation":{"x":-0.06094233691692352,"y":0.9087928533554077,"z":-0.38732242584228518,"w":-0.1427382081747055},"size":10.6400146484375,"orthographic":false}