{"cameraMode":{"drawMode":0,"name":"Shaded","section":"Shading Mode"},"sceneLighting":false,"audioPlay":false,"sceneViewState":{"showFog":true,"showMaterialUpdate":false,"showSkybox":false,"showFlares":true,"showImageEffects":true,"showParticleSystems":true},"in2DMode":false,"pivot":{"x":0.0068636806681752209,"y":0.339741051197052,"z":-0.082763671875},"rotation":{"x":0.028767302632331849,"y":-0.7031309008598328,"z":0.028492026031017305,"w":0.7099077105522156},"size":1.2783095836639405,"orthographic":true}