{"cameraMode":{"drawMode":0,"name":"Shaded","section":"Shading Mode"},"sceneLighting":false,"audioPlay":false,"sceneViewState":{"showFog":true,"showMaterialUpdate":false,"showSkybox":false,"showFlares":true,"showImageEffects":true,"showParticleSystems":true},"in2DMode":false,"pivot":{"x":1.3749574422836304,"y":-0.2392573356628418,"z":0.20999956130981446},"rotation":{"x":0.07473552972078324,"y":-0.8850629925727844,"z":0.43342334032058718,"w":0.15238827466964723},"size":4.897617340087891,"orthographic":false}