{"cameraMode":{"drawMode":0,"name":"Shaded","section":"Shading Mode"},"sceneLighting":false,"audioPlay":false,"sceneViewState":{"showFog":true,"showMaterialUpdate":false,"showSkybox":false,"showFlares":true,"showImageEffects":true,"showParticleSystems":true},"in2DMode":false,"pivot":{"x":407.87469482421877,"y":345.93560791015627,"z":-179.6146240234375},"rotation":{"x":0.010205955244600773,"y":-0.9780228137969971,"z":0.20233123004436494,"w":0.04933229088783264},"size":1.0548782348632813,"orthographic":true}