{"cameraMode":{"drawMode":0,"name":"Shaded","section":"Shading Mode"},"sceneLighting":false,"audioPlay":false,"sceneViewState":{"showFog":true,"showMaterialUpdate":false,"showSkybox":false,"showFlares":true,"showImageEffects":true,"showParticleSystems":true},"in2DMode":false,"pivot":{"x":396.099853515625,"y":344.17236328125,"z":-253.2634735107422},"rotation":{"x":-0.04620106890797615,"y":0.9008091688156128,"z":-0.09903472661972046,"w":-0.4202386736869812},"size":0.6464290022850037,"orthographic":true}