{"cameraMode":{"drawMode":0,"name":"Shaded","section":"Shading Mode"},"sceneLighting":false,"audioPlay":false,"sceneViewState":{"showFog":true,"showMaterialUpdate":false,"showSkybox":false,"showFlares":true,"showImageEffects":true,"showParticleSystems":true},"in2DMode":false,"pivot":{"x":0.08021587133407593,"y":0.08424574881792069,"z":0.280029296875},"rotation":{"x":-0.006923002656549215,"y":0.9438734650611877,"z":-0.32964077591896059,"w":-0.01982410065829754},"size":0.7117232084274292,"orthographic":true}