{"cameraMode":{"drawMode":0,"name":"Shaded","section":"Shading Mode"},"sceneLighting":false,"audioPlay":false,"sceneViewState":{"showFog":true,"showMaterialUpdate":false,"showSkybox":false,"showFlares":true,"showImageEffects":true,"showParticleSystems":true},"in2DMode":false,"pivot":{"x":0.1812591552734375,"y":81.38933563232422,"z":-4.825584411621094},"rotation":{"x":0.04032031446695328,"y":-0.9591748118400574,"z":0.18138554692268372,"w":0.21322645246982575},"size":91.47981262207031,"orthographic":false}