{"cameraMode":{"drawMode":0,"name":"Shaded","section":"Shading Mode"},"sceneLighting":false,"audioPlay":false,"sceneViewState":{"showFog":true,"showMaterialUpdate":false,"showSkybox":false,"showFlares":true,"showImageEffects":true,"showParticleSystems":true},"in2DMode":false,"pivot":{"x":0.010871648788452149,"y":1.751294732093811,"z":-0.10787487030029297},"rotation":{"x":-0.10330606997013092,"y":0.8693696856498718,"z":-0.20529857277870179,"w":-0.4374660551548004},"size":3.0489320755004885,"orthographic":false}