{"cameraMode":{"drawMode":0,"name":"Shaded","section":"Shading Mode"},"sceneLighting":false,"audioPlay":false,"sceneViewState":{"showFog":true,"showMaterialUpdate":false,"showSkybox":false,"showFlares":true,"showImageEffects":true,"showParticleSystems":true},"in2DMode":false,"pivot":{"x":0.0,"y":-1.0218243598937989,"z":-0.02710162289440632},"rotation":{"x":0.010216806083917618,"y":0.961476743221283,"z":-0.27231764793395998,"w":0.036072421818971637},"size":59.75868606567383,"orthographic":true}