{"cameraMode":{"drawMode":0,"name":"Shaded","section":"Shading Mode"},"sceneLighting":false,"audioPlay":false,"sceneViewState":{"showFog":true,"showMaterialUpdate":false,"showSkybox":false,"showFlares":true,"showImageEffects":true,"showParticleSystems":true},"in2DMode":false,"pivot":{"x":6.1414031982421879,"y":-1.5694561004638672,"z":1.9604434967041016},"rotation":{"x":0.16972742974758149,"y":0.39018872380256655,"z":-0.07342644780874253,"w":0.9019724130630493},"size":32.31344223022461,"orthographic":false}