{"cameraMode":{"drawMode":0,"name":"Shaded","section":"Shading Mode"},"sceneLighting":false,"audioPlay":false,"sceneViewState":{"showFog":true,"showMaterialUpdate":false,"showSkybox":false,"showFlares":true,"showImageEffects":true,"showParticleSystems":true},"in2DMode":false,"pivot":{"x":403.2979736328125,"y":344.04669189453127,"z":-254.43304443359376},"rotation":{"x":0.07563214004039765,"y":-0.8674395084381104,"z":0.13909892737865449,"w":0.47167789936065676},"size":0.47500360012054446,"orthographic":false}