{"cameraMode":{"drawMode":0,"name":"Shaded","section":"Shading Mode"},"sceneLighting":false,"audioPlay":false,"sceneViewState":{"showFog":true,"showMaterialUpdate":false,"showSkybox":false,"showFlares":true,"showImageEffects":true,"showParticleSystems":true},"in2DMode":false,"pivot":{"x":2.863431930541992,"y":6.457438945770264,"z":4.1092963218688969},"rotation":{"x":0.05646061524748802,"y":0.9387021064758301,"z":-0.18627935647964478,"w":0.2845182716846466},"size":361.6717529296875,"orthographic":true}