{"cameraMode":{"drawMode":0,"name":"Shaded","section":"Shading Mode"},"sceneLighting":false,"audioPlay":false,"sceneViewState":{"showFog":true,"showMaterialUpdate":false,"showSkybox":false,"showFlares":true,"showImageEffects":true,"showParticleSystems":true},"in2DMode":false,"pivot":{"x":21.61853790283203,"y":345.6015319824219,"z":-134.6250457763672},"rotation":{"x":0.03355700895190239,"y":0.9658173322677612,"z":-0.16320355236530305,"w":0.19859442114830018},"size":1.3949346542358399,"orthographic":false}