{"cameraMode":{"drawMode":0,"name":"Shaded","section":"Shading Mode"},"sceneLighting":false,"audioPlay":false,"sceneViewState":{"showFog":true,"showMaterialUpdate":false,"showSkybox":false,"showFlares":true,"showImageEffects":true,"showParticleSystems":true},"in2DMode":false,"pivot":{"x":-0.03935575485229492,"y":9.588485717773438,"z":0.036192893981933597},"rotation":{"x":-0.17755943536758424,"y":0.7736831307411194,"z":-0.24724845588207246,"w":-0.5556576251983643},"size":27.547626495361329,"orthographic":false}