{"cameraMode":{"drawMode":0,"name":"Shaded","section":"Shading Mode"},"sceneLighting":false,"audioPlay":false,"sceneViewState":{"showFog":true,"showMaterialUpdate":false,"showSkybox":false,"showFlares":true,"showImageEffects":true,"showParticleSystems":true},"in2DMode":false,"pivot":{"x":0.013001978397369385,"y":0.44999998807907107,"z":5.960464477539063e-8},"rotation":{"x":0.18199364840984345,"y":0.29514846205711367,"z":-0.05737433210015297,"w":0.93620365858078},"size":1.1036908626556397,"orthographic":true}