{"cameraMode":{"drawMode":0,"name":"Shaded","section":"Shading Mode"},"sceneLighting":false,"audioPlay":false,"sceneViewState":{"showFog":true,"showMaterialUpdate":false,"showSkybox":false,"showFlares":true,"showImageEffects":true,"showParticleSystems":true},"in2DMode":false,"pivot":{"x":61.947998046875,"y":-0.6284586191177368,"z":30.619321823120118},"rotation":{"x":0.14104081690311433,"y":-0.47303953766822817,"z":0.07701894640922547,"w":0.8662697672843933},"size":2.877549648284912,"orthographic":false}