{"cameraMode":{"drawMode":0,"name":"Shaded","section":"Shading Mode"},"sceneLighting":false,"audioPlay":false,"sceneViewState":{"showFog":true,"showMaterialUpdate":false,"showSkybox":false,"showFlares":true,"showImageEffects":true,"showParticleSystems":true},"in2DMode":false,"pivot":{"x":2.2455525398254396,"y":-1.786299705505371,"z":0.8395754098892212},"rotation":{"x":-0.012522936798632145,"y":-0.7579638361930847,"z":0.6520166397094727,"w":-0.01455824077129364},"size":5.157580852508545,"orthographic":false}