{"cameraMode":{"drawMode":0,"name":"Shaded","section":"Shading Mode"},"sceneLighting":false,"audioPlay":false,"sceneViewState":{"showFog":true,"showMaterialUpdate":false,"showSkybox":false,"showFlares":true,"showImageEffects":true,"showParticleSystems":true},"in2DMode":false,"pivot":{"x":-0.5006197094917297,"y":1.08349609375,"z":-0.77597975730896},"rotation":{"x":0.017094438895583154,"y":0.6825485825538635,"z":-0.015973445028066636,"w":0.7304651141166687},"size":2.4317195415496828,"orthographic":true}