{"cameraMode":{"drawMode":0,"name":"Shaded","section":"Shading Mode"},"sceneLighting":false,"audioPlay":false,"sceneViewState":{"showFog":true,"showMaterialUpdate":false,"showSkybox":false,"showFlares":true,"showImageEffects":true,"showParticleSystems":true},"in2DMode":false,"pivot":{"x":0.0,"y":0.36689573526382449,"z":0.000583946704864502},"rotation":{"x":0.19487883150577546,"y":0.11008239537477493,"z":-0.022016990929841996,"w":0.9743815660476685},"size":0.39947471022605898,"orthographic":true}