{"cameraMode":{"drawMode":0,"name":"Shaded","section":"Shading Mode"},"sceneLighting":false,"audioPlay":false,"sceneViewState":{"showFog":true,"showMaterialUpdate":false,"showSkybox":false,"showFlares":true,"showImageEffects":true,"showParticleSystems":true},"in2DMode":false,"pivot":{"x":4.089662075042725,"y":0.74951171875,"z":5.1246185302734379},"rotation":{"x":0.14638666808605195,"y":0.77875155210495,"z":-0.19751958549022675,"w":0.577151358127594},"size":1.8915600776672364,"orthographic":true}