{"cameraMode":{"drawMode":0,"name":"Shaded","section":"Shading Mode"},"sceneLighting":false,"audioPlay":false,"sceneViewState":{"showFog":true,"showMaterialUpdate":false,"showSkybox":false,"showFlares":true,"showImageEffects":true,"showParticleSystems":true},"in2DMode":false,"pivot":{"x":-3.006253719329834,"y":-0.03210932016372681,"z":-0.1416764259338379},"rotation":{"x":-0.011307029984891415,"y":0.9877470135688782,"z":-0.12963776290416718,"w":-0.08615149557590485},"size":5.3653082847595219,"orthographic":true}