{"cameraMode":{"drawMode":0,"name":"Shaded","section":"Shading Mode"},"sceneLighting":false,"audioPlay":false,"sceneViewState":{"showFog":true,"showMaterialUpdate":false,"showSkybox":false,"showFlares":true,"showImageEffects":true,"showParticleSystems":true},"in2DMode":false,"pivot":{"x":0.7309198379516602,"y":1.1996210813522339,"z":-0.5543184280395508},"rotation":{"x":-0.09133344143629074,"y":0.9020040035247803,"z":-0.35037297010421755,"w":-0.2351294904947281},"size":7.447453498840332,"orthographic":true}