{"cameraMode":{"drawMode":0,"name":"Shaded","section":"Shading Mode"},"sceneLighting":false,"audioPlay":false,"sceneViewState":{"showFog":true,"showMaterialUpdate":false,"showSkybox":false,"showFlares":true,"showImageEffects":true,"showParticleSystems":true},"in2DMode":false,"pivot":{"x":231.40699768066407,"y":342.152587890625,"z":-206.72042846679688},"rotation":{"x":-0.218586266040802,"y":-0.5990814566612244,"z":0.174533873796463,"w":-0.750241219997406},"size":1.4376857280731202,"orthographic":false}