{"cameraMode":{"drawMode":0,"name":"Shaded","section":"Shading Mode"},"sceneLighting":false,"audioPlay":false,"sceneViewState":{"showFog":true,"showMaterialUpdate":false,"showSkybox":false,"showFlares":true,"showImageEffects":true,"showParticleSystems":true},"in2DMode":false,"pivot":{"x":112.95362854003906,"y":122.35296630859375,"z":-169.29293823242188},"rotation":{"x":0.31938254833221438,"y":-0.4188235402107239,"z":0.160230815410614,"w":0.8348172903060913},"size":224.6708221435547,"orthographic":false}