{"cameraMode":{"drawMode":0,"name":"Shaded","section":"Shading Mode"},"sceneLighting":false,"audioPlay":false,"sceneViewState":{"showFog":true,"showMaterialUpdate":false,"showSkybox":false,"showFlares":true,"showImageEffects":true,"showParticleSystems":true},"in2DMode":false,"pivot":{"x":-123.48757934570313,"y":-1944.475341796875,"z":-2506.928955078125},"rotation":{"x":-0.015355633571743966,"y":0.9517772793769836,"z":-0.3025834858417511,"w":-0.0482962466776371},"size":5132.03466796875,"orthographic":false}