{"cameraMode":{"drawMode":0,"name":"Shaded","section":"Shading Mode"},"sceneLighting":false,"audioPlay":false,"sceneViewState":{"showFog":true,"showMaterialUpdate":false,"showSkybox":false,"showFlares":true,"showImageEffects":true,"showParticleSystems":true},"in2DMode":false,"pivot":{"x":-0.2871415615081787,"y":-0.4549013376235962,"z":0.02985239028930664},"rotation":{"x":-0.18714800477027894,"y":0.8127458691596985,"z":-0.39802342653274538,"w":-0.3821357786655426},"size":1.3004591464996338,"orthographic":false}