{"cameraMode":{"drawMode":0,"name":"Shaded","section":"Shading Mode"},"sceneLighting":false,"audioPlay":false,"sceneViewState":{"showFog":true,"showMaterialUpdate":false,"showSkybox":false,"showFlares":true,"showImageEffects":true,"showParticleSystems":true},"in2DMode":false,"pivot":{"x":-0.602783203125,"y":1.89013671875,"z":1.64892578125},"rotation":{"x":0.1067478135228157,"y":0.8335142731666565,"z":-0.1732165366411209,"w":0.5136697888374329},"size":1.7483229637145997,"orthographic":true}