{"cameraMode":{"drawMode":0,"name":"Shaded","section":"Shading Mode"},"sceneLighting":false,"audioPlay":false,"sceneViewState":{"showFog":true,"showMaterialUpdate":false,"showSkybox":false,"showFlares":true,"showImageEffects":true,"showParticleSystems":true},"in2DMode":false,"pivot":{"x":-3.3342666625976564,"y":49.99317169189453,"z":-10.0994873046875},"rotation":{"x":0.024549221619963647,"y":-0.9732161164283752,"z":0.12476485222578049,"w":0.19152392446994782},"size":890.9037475585938,"orthographic":false}