{"cameraMode":{"drawMode":0,"name":"Shaded","section":"Shading Mode"},"sceneLighting":false,"audioPlay":false,"sceneViewState":{"showFog":true,"showMaterialUpdate":false,"showSkybox":false,"showFlares":true,"showImageEffects":true,"showParticleSystems":true},"in2DMode":false,"pivot":{"x":-0.25872802734375,"y":0.4168701171875,"z":-0.18768310546875},"rotation":{"x":0.014278159476816655,"y":0.8189378380775452,"z":-0.02039428800344467,"w":0.573342502117157},"size":1.011771321296692,"orthographic":true}