{"cameraMode":{"drawMode":0,"name":"Shaded","section":"Shading Mode"},"sceneLighting":false,"audioPlay":false,"sceneViewState":{"showFog":true,"showMaterialUpdate":false,"showSkybox":false,"showFlares":true,"showImageEffects":true,"showParticleSystems":true},"in2DMode":false,"pivot":{"x":-0.14812135696411134,"y":0.380126953125,"z":-0.030388768762350084},"rotation":{"x":0.07347790896892548,"y":0.8599672913551331,"z":-0.12944206595420838,"w":0.48816385865211489},"size":0.6887579560279846,"orthographic":true}