{"cameraMode":{"drawMode":0,"name":"Shaded","section":"Shading Mode"},"sceneLighting":false,"audioPlay":false,"sceneViewState":{"showFog":true,"showMaterialUpdate":false,"showSkybox":false,"showFlares":true,"showImageEffects":true,"showParticleSystems":true},"in2DMode":false,"pivot":{"x":322.9320068359375,"y":276.9515380859375,"z":180.261474609375},"rotation":{"x":0.1863899976015091,"y":0.011789578944444657,"z":-0.0022368652280420067,"w":0.9824025630950928},"size":1.79783034324646,"orthographic":true}