{"cameraMode":{"drawMode":0,"name":"Shaded","section":"Shading Mode"},"sceneLighting":false,"audioPlay":false,"sceneViewState":{"showFog":true,"showMaterialUpdate":false,"showSkybox":false,"showFlares":true,"showImageEffects":true,"showParticleSystems":true},"in2DMode":false,"pivot":{"x":323.47454833984377,"y":277.05816650390627,"z":186.759765625},"rotation":{"x":0.07714008539915085,"y":0.236952543258667,"z":-0.018877407535910608,"w":0.9682709574699402},"size":1.838518738746643,"orthographic":true}