{"cameraMode":{"drawMode":0,"name":"Shaded","section":"Shading Mode"},"sceneLighting":false,"audioPlay":false,"sceneViewState":{"showFog":true,"showMaterialUpdate":false,"showSkybox":false,"showFlares":true,"showImageEffects":true,"showParticleSystems":true},"in2DMode":false,"pivot":{"x":57.921199798583987,"y":341.5125732421875,"z":-271.139892578125},"rotation":{"x":-0.2089165300130844,"y":-0.6177759170532227,"z":0.1749720573425293,"w":-0.7376253604888916},"size":2.245380401611328,"orthographic":false}