{"cameraMode":{"drawMode":0,"name":"Shaded","section":"Shading Mode"},"sceneLighting":false,"audioPlay":false,"sceneViewState":{"showFog":true,"showMaterialUpdate":false,"showSkybox":false,"showFlares":true,"showImageEffects":true,"showParticleSystems":true},"in2DMode":false,"pivot":{"x":-3.700161933898926,"y":2.0446910858154299,"z":4.6530303955078129},"rotation":{"x":-0.10828176140785217,"y":0.8338152766227722,"z":-0.17641299962997437,"w":-0.5117783546447754},"size":11.963761329650879,"orthographic":false}