{"cameraMode":{"drawMode":0,"name":"Shaded","section":"Shading Mode"},"sceneLighting":false,"audioPlay":false,"sceneViewState":{"showFog":true,"showMaterialUpdate":false,"showSkybox":false,"showFlares":true,"showImageEffects":true,"showParticleSystems":true},"in2DMode":false,"pivot":{"x":0.010871648788452149,"y":1.751294732093811,"z":-0.10787487030029297},"rotation":{"x":0.03584500774741173,"y":0.9375929236412048,"z":-0.10165560990571976,"w":0.33060669898986819},"size":2.7807021141052248,"orthographic":true}