{"cameraMode":{"drawMode":0,"name":"Shaded","section":"Shading Mode"},"sceneLighting":false,"audioPlay":false,"sceneViewState":{"showFog":true,"showMaterialUpdate":false,"showSkybox":false,"showFlares":true,"showImageEffects":true,"showParticleSystems":true},"in2DMode":false,"pivot":{"x":0.09403371810913086,"y":-0.13540804386138917,"z":0.16924935579299928},"rotation":{"x":-0.12557214498519898,"y":0.8668447732925415,"z":-0.3974129855632782,"w":-0.2736535370349884},"size":14.627474784851075,"orthographic":false}