{"cameraMode":{"drawMode":0,"name":"Shaded","section":"Shading Mode"},"sceneLighting":false,"audioPlay":false,"sceneViewState":{"showFog":true,"showMaterialUpdate":false,"showSkybox":false,"showFlares":true,"showImageEffects":true,"showParticleSystems":true},"in2DMode":false,"pivot":{"x":0.078125,"y":1.1761627197265626,"z":0.0488128662109375},"rotation":{"x":0.030828461050987245,"y":-0.9545995593070984,"z":0.10639843344688416,"w":0.2766066789627075},"size":0.8723017573356628,"orthographic":true}