{"cameraMode":{"drawMode":0,"name":"Shaded","section":"Shading Mode"},"sceneLighting":false,"audioPlay":false,"sceneViewState":{"showFog":true,"showMaterialUpdate":false,"showSkybox":false,"showFlares":true,"showImageEffects":true,"showParticleSystems":true},"in2DMode":false,"pivot":{"x":0.0184326171875,"y":0.6257171630859375,"z":-0.00927734375},"rotation":{"x":0.017934205010533334,"y":-0.0847824364900589,"z":0.0015262519009411336,"w":0.9962369203567505},"size":1.1855592727661133,"orthographic":true}