{"cameraMode":{"drawMode":0,"name":"Shaded","section":"Shading Mode"},"sceneLighting":false,"audioPlay":false,"sceneViewState":{"showFog":true,"showMaterialUpdate":false,"showSkybox":false,"showFlares":true,"showImageEffects":true,"showParticleSystems":true},"in2DMode":false,"pivot":{"x":0.0013161301612854004,"y":0.4491860270500183,"z":0.051966071128845218},"rotation":{"x":0.2505021095275879,"y":-0.5007041096687317,"z":0.15406563878059388,"w":0.8141340613365173},"size":1.339796543121338,"orthographic":false}