{"cameraMode":{"drawMode":0,"name":"Shaded","section":"Shading Mode"},"sceneLighting":false,"audioPlay":false,"sceneViewState":{"showFog":true,"showMaterialUpdate":false,"showSkybox":false,"showFlares":true,"showImageEffects":true,"showParticleSystems":true},"in2DMode":false,"pivot":{"x":-0.0184326171875,"y":8.437507629394532,"z":0.041533708572387698},"rotation":{"x":0.3062420189380646,"y":0.30924203991889956,"z":-0.10592307895421982,"w":0.8940723538398743},"size":10.880213737487793,"orthographic":true}