{"cameraMode":{"drawMode":0,"name":"Shaded","section":"Shading Mode"},"sceneLighting":false,"audioPlay":false,"sceneViewState":{"showFog":true,"showMaterialUpdate":false,"showSkybox":false,"showFlares":true,"showImageEffects":true,"showParticleSystems":true},"in2DMode":false,"pivot":{"x":0.11885692924261093,"y":1.6177932024002076,"z":0.133056640625},"rotation":{"x":-0.12311992794275284,"y":0.5824993848800659,"z":-0.0898243859410286,"w":-0.7984163761138916},"size":1.7744402885437012,"orthographic":true}