{"cameraMode":{"drawMode":0,"name":"Shaded","section":"Shading Mode"},"sceneLighting":false,"audioPlay":false,"sceneViewState":{"showFog":true,"showMaterialUpdate":false,"showSkybox":false,"showFlares":true,"showImageEffects":true,"showParticleSystems":true},"in2DMode":false,"pivot":{"x":-5.047094345092773,"y":1.0858287811279297,"z":3.331486701965332},"rotation":{"x":0.10133415460586548,"y":0.4014265835285187,"z":-0.04474402591586113,"w":0.9091768264770508},"size":13.351679801940918,"orthographic":false}