{"cameraMode":{"drawMode":0,"name":"Shaded","section":"Shading Mode"},"sceneLighting":false,"audioPlay":false,"sceneViewState":{"showFog":true,"showMaterialUpdate":false,"showSkybox":false,"showFlares":true,"showImageEffects":true,"showParticleSystems":true},"in2DMode":false,"pivot":{"x":0.18280357122421266,"y":6.283854007720947,"z":-1.4131824970245362},"rotation":{"x":0.10959126800298691,"y":-0.5825112462043762,"z":0.07965301722288132,"w":0.8014523983001709},"size":234.38365173339845,"orthographic":true}