{"cameraMode":{"drawMode":0,"name":"Shaded","section":"Shading Mode"},"sceneLighting":false,"audioPlay":false,"sceneViewState":{"showFog":true,"showMaterialUpdate":false,"showSkybox":false,"showFlares":true,"showImageEffects":true,"showParticleSystems":true},"in2DMode":false,"pivot":{"x":-5.302734375,"y":2.2977294921875,"z":-14.59716796875},"rotation":{"x":-0.07477933168411255,"y":0.6371884942054749,"z":-0.06232351064682007,"w":-0.7645358443260193},"size":7.030081272125244,"orthographic":true}