{"cameraMode":{"drawMode":0,"name":"Shaded","section":"Shading Mode"},"sceneLighting":false,"audioPlay":false,"sceneViewState":{"showFog":true,"showMaterialUpdate":false,"showSkybox":false,"showFlares":true,"showImageEffects":true,"showParticleSystems":true},"in2DMode":false,"pivot":{"x":0.09326171875,"y":0.404052734375,"z":0.181121826171875},"rotation":{"x":0.06656285375356674,"y":0.7444598078727722,"z":-0.07507109642028809,"w":0.6600857377052307},"size":1.3465484380722047,"orthographic":true}