{"cameraMode":{"drawMode":0,"name":"Shaded","section":"Shading Mode"},"sceneLighting":false,"audioPlay":false,"sceneViewState":{"showFog":true,"showMaterialUpdate":false,"showSkybox":false,"showFlares":true,"showImageEffects":true,"showParticleSystems":true},"in2DMode":false,"pivot":{"x":-0.716640293598175,"y":-0.132826566696167,"z":0.1606351137161255},"rotation":{"x":0.46212688088417055,"y":0.20583155751228333,"z":-0.1111837774515152,"w":0.8554277420043945},"size":1.5179100036621094,"orthographic":false}