{"cameraMode":{"drawMode":0,"name":"Shaded","section":"Shading Mode"},"sceneLighting":false,"audioPlay":false,"sceneViewState":{"showFog":true,"showMaterialUpdate":false,"showSkybox":false,"showFlares":true,"showImageEffects":true,"showParticleSystems":true},"in2DMode":false,"pivot":{"x":-0.13285773992538453,"y":-0.5123593211174011,"z":-0.05422830581665039},"rotation":{"x":0.057084035128355029,"y":-0.929813802242279,"z":0.16344168782234193,"w":0.3247712552547455},"size":0.7315275073051453,"orthographic":false}