{"cameraMode":{"drawMode":0,"name":"Shaded","section":"Shading Mode"},"sceneLighting":false,"audioPlay":false,"sceneViewState":{"showFog":true,"showMaterialUpdate":false,"showSkybox":false,"showFlares":true,"showImageEffects":true,"showParticleSystems":true},"in2DMode":false,"pivot":{"x":0.09814453125,"y":0.365824818611145,"z":0.1732943207025528},"rotation":{"x":0.06518867611885071,"y":-0.7297496795654297,"z":0.0702730119228363,"w":0.6769731640815735},"size":1.0743396282196046,"orthographic":true}