{"cameraMode":{"drawMode":0,"name":"Shaded","section":"Shading Mode"},"sceneLighting":false,"audioPlay":false,"sceneViewState":{"showFog":true,"showMaterialUpdate":false,"showSkybox":false,"showFlares":true,"showImageEffects":true,"showParticleSystems":true},"in2DMode":false,"pivot":{"x":238.59164428710938,"y":377.40911865234377,"z":-239.87750244140626},"rotation":{"x":0.31870487332344057,"y":-0.6737595796585083,"z":0.40605950355529787,"w":0.5287764668464661},"size":72.60659790039063,"orthographic":false}