{"cameraMode":{"drawMode":0,"name":"Shaded","section":"Shading Mode"},"sceneLighting":false,"audioPlay":false,"sceneViewState":{"showFog":true,"showMaterialUpdate":false,"showSkybox":false,"showFlares":true,"showImageEffects":true,"showParticleSystems":true},"in2DMode":false,"pivot":{"x":0.0,"y":0.49146032333374026,"z":7.450580596923828e-9},"rotation":{"x":0.025268947705626489,"y":-0.9311259984970093,"z":0.06575335562229157,"w":0.357830673456192},"size":0.915918231010437,"orthographic":true}