{"cameraMode":{"drawMode":0,"name":"Shaded","section":"Shading Mode"},"sceneLighting":false,"audioPlay":false,"sceneViewState":{"showFog":true,"showMaterialUpdate":false,"showSkybox":false,"showFlares":true,"showImageEffects":true,"showParticleSystems":true},"in2DMode":false,"pivot":{"x":0.016845703125,"y":0.41021615266799929,"z":-0.002026268281042576},"rotation":{"x":0.14160926640033723,"y":0.5526565909385681,"z":-0.09594777226448059,"w":0.8156678676605225},"size":0.7300013303756714,"orthographic":true}