{"cameraMode":{"drawMode":0,"name":"Shaded","section":"Shading Mode"},"sceneLighting":false,"audioPlay":false,"sceneViewState":{"showFog":true,"showMaterialUpdate":false,"showSkybox":false,"showFlares":true,"showImageEffects":true,"showParticleSystems":true},"in2DMode":false,"pivot":{"x":0.40322229266166689,"y":0.161376953125,"z":-0.26634132862091067},"rotation":{"x":0.1216118261218071,"y":0.2746102511882782,"z":-0.03503540903329849,"w":0.953191339969635},"size":1.2203489542007447,"orthographic":true}