{"cameraMode":{"drawMode":0,"name":"Shaded","section":"Shading Mode"},"sceneLighting":false,"audioPlay":false,"sceneViewState":{"showFog":true,"showMaterialUpdate":false,"showSkybox":false,"showFlares":true,"showImageEffects":true,"showParticleSystems":true},"in2DMode":false,"pivot":{"x":0.03004509210586548,"y":0.6513769030570984,"z":1.1920928955078126e-7},"rotation":{"x":0.04905899614095688,"y":0.9475400447845459,"z":-0.17830324172973634,"w":0.2607097625732422},"size":1.426391363143921,"orthographic":true}