{"cameraMode":{"drawMode":0,"name":"Shaded","section":"Shading Mode"},"sceneLighting":false,"audioPlay":false,"sceneViewState":{"showFog":true,"showMaterialUpdate":false,"showSkybox":false,"showFlares":true,"showImageEffects":true,"showParticleSystems":true},"in2DMode":false,"pivot":{"x":383.5992431640625,"y":344.17718505859377,"z":-251.0462646484375},"rotation":{"x":-0.02415652759373188,"y":0.9707731604576111,"z":-0.21148580312728883,"w":-0.11091625690460205},"size":0.8234013915061951,"orthographic":false}