{"cameraMode":{"drawMode":0,"name":"Shaded","section":"Shading Mode"},"sceneLighting":false,"audioPlay":false,"sceneViewState":{"showFog":true,"showMaterialUpdate":false,"showSkybox":false,"showFlares":true,"showImageEffects":true,"showParticleSystems":true},"in2DMode":false,"pivot":{"x":0.875244140625,"y":1.368408203125,"z":-0.8133544921875},"rotation":{"x":-0.041989766061306,"y":0.2598230838775635,"z":-0.011309065856039524,"w":-0.9646812081336975},"size":1.571427345275879,"orthographic":true}