{"cameraMode":{"drawMode":0,"name":"Shaded","section":"Shading Mode"},"sceneLighting":false,"audioPlay":false,"sceneViewState":{"showFog":true,"showMaterialUpdate":false,"showSkybox":false,"showFlares":true,"showImageEffects":true,"showParticleSystems":true},"in2DMode":false,"pivot":{"x":195.70143127441407,"y":366.1853942871094,"z":-199.29795837402345},"rotation":{"x":-0.14052405953407288,"y":0.5844946503639221,"z":-0.10363481938838959,"w":-0.7924139499664307},"size":19.24948501586914,"orthographic":false}