{"cameraMode":{"drawMode":0,"name":"Shaded","section":"Shading Mode"},"sceneLighting":false,"audioPlay":false,"sceneViewState":{"showFog":true,"showMaterialUpdate":false,"showSkybox":false,"showFlares":true,"showImageEffects":true,"showParticleSystems":true},"in2DMode":false,"pivot":{"x":-2.275320529937744,"y":-1.1210590600967408,"z":1.3496766090393067},"rotation":{"x":-0.2544991672039032,"y":0.515829861164093,"z":-0.16384513676166535,"w":-0.8014412522315979},"size":2.3686063289642336,"orthographic":false}