{"cameraMode":{"drawMode":0,"name":"Shaded","section":"Shading Mode"},"sceneLighting":false,"audioPlay":false,"sceneViewState":{"showFog":true,"showMaterialUpdate":false,"showSkybox":false,"showFlares":true,"showImageEffects":true,"showParticleSystems":true},"in2DMode":false,"pivot":{"x":0.0007418990135192871,"y":0.7593246698379517,"z":0.01140064001083374},"rotation":{"x":-0.24888616800308228,"y":-0.21306480467319489,"z":0.056167684495449069,"w":-0.9431353211402893},"size":25.346452713012697,"orthographic":false}