{"cameraMode":{"drawMode":0,"name":"Shaded","section":"Shading Mode"},"sceneLighting":false,"audioPlay":false,"sceneViewState":{"showFog":true,"showMaterialUpdate":false,"showSkybox":false,"showFlares":true,"showImageEffects":true,"showParticleSystems":true},"in2DMode":false,"pivot":{"x":0.0,"y":0.8443007469177246,"z":0.033141568303108218},"rotation":{"x":-0.032464489340782168,"y":0.9646108150482178,"z":-0.14282812178134919,"w":-0.21925373375415803},"size":1.2215425968170167,"orthographic":true}