{"cameraMode":{"drawMode":0,"name":"Shaded","section":"Shading Mode"},"sceneLighting":false,"audioPlay":false,"sceneViewState":{"showFog":true,"showMaterialUpdate":false,"showSkybox":false,"showFlares":true,"showImageEffects":true,"showParticleSystems":true},"in2DMode":false,"pivot":{"x":0.385986328125,"y":0.421417236328125,"z":-0.4354248046875},"rotation":{"x":0.11289002001285553,"y":0.865886390209198,"z":-0.22654549777507783,"w":0.43148162961006167},"size":1.1271476745605469,"orthographic":true}