{"cameraMode":{"drawMode":0,"name":"Shaded","section":"Shading Mode"},"sceneLighting":false,"audioPlay":false,"sceneViewState":{"showFog":true,"showMaterialUpdate":false,"showSkybox":false,"showFlares":true,"showImageEffects":true,"showParticleSystems":true},"in2DMode":false,"pivot":{"x":0.9118188619613648,"y":3.6668715476989748,"z":-0.00001601874828338623},"rotation":{"x":0.08703615516424179,"y":-0.17332680523395539,"z":0.0153795862570405,"w":0.9808903932571411},"size":3.817183494567871,"orthographic":true}