{"cameraMode":{"drawMode":0,"name":"Shaded","section":"Shading Mode"},"sceneLighting":false,"audioPlay":false,"sceneViewState":{"showFog":true,"showMaterialUpdate":false,"showSkybox":false,"showFlares":true,"showImageEffects":true,"showParticleSystems":true},"in2DMode":false,"pivot":{"x":-0.8272526264190674,"y":-0.8097615242004395,"z":-0.43648481369018557},"rotation":{"x":0.06683787703514099,"y":-0.9154695868492127,"z":0.1708468645811081,"w":0.35814228653907778},"size":1.6350398063659669,"orthographic":false}