{"cameraMode":{"drawMode":0,"name":"Shaded","section":"Shading Mode"},"sceneLighting":false,"audioPlay":false,"sceneViewState":{"showFog":true,"showMaterialUpdate":false,"showSkybox":false,"showFlares":true,"showImageEffects":true,"showParticleSystems":true},"in2DMode":false,"pivot":{"x":1.7713360786437989,"y":1.2175520658493043,"z":-1.4991793632507325},"rotation":{"x":-0.04100724309682846,"y":0.9527026414871216,"z":-0.2615087628364563,"w":-0.14929597079753877},"size":126.91360473632813,"orthographic":false}