{"cameraMode":{"drawMode":0,"name":"Shaded","section":"Shading Mode"},"sceneLighting":true,"audioPlay":false,"sceneViewState":{"showFog":true,"showMaterialUpdate":false,"showSkybox":true,"showFlares":true,"showImageEffects":true,"showParticleSystems":true},"in2DMode":false,"pivot":{"x":180.934326171875,"y":339.7547607421875,"z":-207.22885131835938},"rotation":{"x":0.19400298595428468,"y":-0.14421284198760987,"z":0.028764430433511735,"w":0.9699404239654541},"size":12.0276460647583,"orthographic":false}