{"cameraMode":{"drawMode":0,"name":"Shaded","section":"Shading Mode"},"sceneLighting":false,"audioPlay":false,"sceneViewState":{"showFog":true,"showMaterialUpdate":false,"showSkybox":false,"showFlares":true,"showImageEffects":true,"showParticleSystems":true},"in2DMode":false,"pivot":{"x":-0.5663594007492065,"y":-0.5550922155380249,"z":0.044302284717559817},"rotation":{"x":0.11496256291866303,"y":-0.815850019454956,"z":0.1738966554403305,"w":0.5393946170806885},"size":1.123408317565918,"orthographic":false}