{"cameraMode":{"drawMode":0,"name":"Shaded","section":"Shading Mode"},"sceneLighting":false,"audioPlay":false,"sceneViewState":{"showFog":true,"showMaterialUpdate":false,"showSkybox":false,"showFlares":true,"showImageEffects":true,"showParticleSystems":true},"in2DMode":false,"pivot":{"x":72.36344909667969,"y":325.5653076171875,"z":436.3374328613281},"rotation":{"x":-0.4545629322528839,"y":-0.3227541446685791,"z":0.1857846975326538,"w":-0.8091377019882202},"size":452.42156982421877,"orthographic":false}