{"cameraMode":{"drawMode":0,"name":"Shaded","section":"Shading Mode"},"sceneLighting":false,"audioPlay":false,"sceneViewState":{"showFog":true,"showMaterialUpdate":false,"showSkybox":false,"showFlares":true,"showImageEffects":true,"showParticleSystems":true},"in2DMode":false,"pivot":{"x":-226.92266845703126,"y":-4.225006103515625,"z":-6.408840179443359},"rotation":{"x":0.27605053782463076,"y":-0.6916112303733826,"z":0.32839956879615786,"w":0.5810552835464478},"size":1.2716896533966065,"orthographic":false}