{"cameraMode":{"drawMode":0,"name":"Shaded","section":"Shading Mode"},"sceneLighting":false,"audioPlay":false,"sceneViewState":{"showFog":true,"showMaterialUpdate":false,"showSkybox":false,"showFlares":true,"showImageEffects":true,"showParticleSystems":true},"in2DMode":false,"pivot":{"x":23.930667877197267,"y":12.433167457580567,"z":5.485072612762451},"rotation":{"x":0.04829450696706772,"y":0.6964269280433655,"z":-0.04708770290017128,"w":0.7144860625267029},"size":36.536781311035159,"orthographic":false}