{"cameraMode":{"drawMode":0,"name":"Shaded","section":"Shading Mode"},"sceneLighting":false,"audioPlay":false,"sceneViewState":{"showFog":true,"showMaterialUpdate":false,"showSkybox":false,"showFlares":true,"showImageEffects":true,"showParticleSystems":true},"in2DMode":false,"pivot":{"x":-0.5512046813964844,"y":1.5903899669647217,"z":-1.0822460651397706},"rotation":{"x":-0.13871896266937257,"y":0.8161733746528626,"z":-0.21930614113807679,"w":-0.516258716583252},"size":7.54287576675415,"orthographic":true}