{"cameraMode":{"drawMode":0,"name":"Shaded","section":"Shading Mode"},"sceneLighting":false,"audioPlay":false,"sceneViewState":{"showFog":true,"showMaterialUpdate":false,"showSkybox":false,"showFlares":true,"showImageEffects":true,"showParticleSystems":true},"in2DMode":false,"pivot":{"x":0.1216479241847992,"y":1.0830078125,"z":0.11307639628648758},"rotation":{"x":0.01262214407324791,"y":0.6880922913551331,"z":-0.011972712352871895,"w":0.7254147529602051},"size":2.2859039306640627,"orthographic":true}