{"cameraMode":{"drawMode":0,"name":"Shaded","section":"Shading Mode"},"sceneLighting":true,"audioPlay":false,"sceneViewState":{"showFog":true,"showMaterialUpdate":false,"showSkybox":false,"showFlares":true,"showImageEffects":true,"showParticleSystems":true},"in2DMode":false,"pivot":{"x":0.154296875,"y":3.65576171875,"z":2.0348052978515627},"rotation":{"x":0.05445083603262901,"y":-0.9361252188682556,"z":0.1674465388059616,"w":0.3044130504131317},"size":4.720292568206787,"orthographic":true}