{"cameraMode":{"drawMode":0,"name":"Shaded","section":"Shading Mode"},"sceneLighting":false,"audioPlay":false,"sceneViewState":{"showFog":true,"showMaterialUpdate":false,"showSkybox":false,"showFlares":true,"showImageEffects":true,"showParticleSystems":true},"in2DMode":false,"pivot":{"x":-0.43196582794189455,"y":5.917334079742432,"z":-2.218418836593628},"rotation":{"x":-0.2151510864496231,"y":-0.5020714402198792,"z":0.13055364787578584,"w":-0.8274016976356506},"size":4.451788425445557,"orthographic":false}