{"cameraMode":{"drawMode":0,"name":"Shaded","section":"Shading Mode"},"sceneLighting":false,"audioPlay":false,"sceneViewState":{"showFog":true,"showMaterialUpdate":false,"showSkybox":false,"showFlares":true,"showImageEffects":true,"showParticleSystems":true},"in2DMode":false,"pivot":{"x":0.007568359375,"y":0.4719700813293457,"z":0.060551006346940997},"rotation":{"x":0.18759848177433015,"y":0.7214123606681824,"z":-0.21441425383090974,"w":0.6311923861503601},"size":0.8018242120742798,"orthographic":true}