{"cameraMode":{"drawMode":0,"name":"Shaded","section":"Shading Mode"},"sceneLighting":false,"audioPlay":false,"sceneViewState":{"showFog":true,"showMaterialUpdate":false,"showSkybox":false,"showFlares":true,"showImageEffects":true,"showParticleSystems":true},"in2DMode":false,"pivot":{"x":265.4186096191406,"y":401.2505187988281,"z":-398.5111083984375},"rotation":{"x":0.26419156789779665,"y":-0.2068336457014084,"z":0.05800856649875641,"w":0.9402431845664978},"size":231.82821655273438,"orthographic":false}