{"cameraMode":{"drawMode":0,"name":"Shaded","section":"Shading Mode"},"sceneLighting":false,"audioPlay":false,"sceneViewState":{"showFog":true,"showMaterialUpdate":false,"showSkybox":false,"showFlares":true,"showImageEffects":true,"showParticleSystems":true},"in2DMode":false,"pivot":{"x":-0.3399658203125,"y":0.531158447265625,"z":-1.082763671875},"rotation":{"x":0.0988399088382721,"y":0.3966524004936218,"z":-0.043005671352148059,"w":0.9116228222846985},"size":1.1942001581192017,"orthographic":true}