{"cameraMode":{"drawMode":0,"name":"Shaded","section":"Shading Mode"},"sceneLighting":false,"audioPlay":false,"sceneViewState":{"showFog":true,"showMaterialUpdate":false,"showSkybox":false,"showFlares":true,"showImageEffects":true,"showParticleSystems":true},"in2DMode":false,"pivot":{"x":-0.246649831533432,"y":-0.2951221466064453,"z":0.032946109771728519},"rotation":{"x":0.14583738148212434,"y":0.022565599530935289,"z":-0.00334082986228168,"w":0.9890486001968384},"size":0.7064872980117798,"orthographic":false}