{"cameraMode":{"drawMode":0,"name":"Shaded","section":"Shading Mode"},"sceneLighting":false,"audioPlay":false,"sceneViewState":{"showFog":true,"showMaterialUpdate":false,"showSkybox":false,"showFlares":true,"showImageEffects":true,"showParticleSystems":true},"in2DMode":false,"pivot":{"x":0.9062671661376953,"y":-0.07018280029296875,"z":0.02714681625366211},"rotation":{"x":-0.05900900438427925,"y":0.8670365214347839,"z":-0.10586642473936081,"w":-0.4832783639431},"size":95.403076171875,"orthographic":true}