{"cameraMode":{"drawMode":0,"name":"Shaded","section":"Shading Mode"},"sceneLighting":false,"audioPlay":false,"sceneViewState":{"showFog":true,"showMaterialUpdate":false,"showSkybox":false,"showFlares":true,"showImageEffects":true,"showParticleSystems":true},"in2DMode":false,"pivot":{"x":0.000057220458984375,"y":0.6871382594108582,"z":0.006447315216064453},"rotation":{"x":0.183466836810112,"y":0.3954484164714813,"z":-0.08094344288110733,"w":0.896330714225769},"size":4.454695701599121,"orthographic":true}