{"cameraMode":{"drawMode":0,"name":"Shaded","section":"Shading Mode"},"sceneLighting":false,"audioPlay":false,"sceneViewState":{"showFog":true,"showMaterialUpdate":false,"showSkybox":false,"showFlares":true,"showImageEffects":true,"showParticleSystems":true},"in2DMode":false,"pivot":{"x":-0.09678483009338379,"y":0.3378026485443115,"z":-0.22968041896820069},"rotation":{"x":-0.059430643916130069,"y":0.8192031383514404,"z":-0.08632960170507431,"w":-0.5638459324836731},"size":1.3640592098236085,"orthographic":false}