{"cameraMode":{"drawMode":0,"name":"Shaded","section":"Shading Mode"},"sceneLighting":false,"audioPlay":false,"sceneViewState":{"showFog":true,"showMaterialUpdate":false,"showSkybox":false,"showFlares":true,"showImageEffects":true,"showParticleSystems":true},"in2DMode":false,"pivot":{"x":56.04475784301758,"y":-4.758565425872803,"z":-21.42098045349121},"rotation":{"x":0.3393726348876953,"y":0.23218104243278504,"z":-0.08683687448501587,"w":0.9074015617370606},"size":6.8552727699279789,"orthographic":true}