{"cameraMode":{"drawMode":0,"name":"Shaded","section":"Shading Mode"},"sceneLighting":false,"audioPlay":false,"sceneViewState":{"showFog":true,"showMaterialUpdate":false,"showSkybox":false,"showFlares":true,"showImageEffects":true,"showParticleSystems":true},"in2DMode":false,"pivot":{"x":-0.6687471270561218,"y":-0.0849609375,"z":-0.12194019556045532},"rotation":{"x":0.3239029049873352,"y":0.3305046260356903,"z":-0.12191789597272873,"w":0.8780608177185059},"size":6.1536102294921879,"orthographic":true}