{"cameraMode":{"drawMode":0,"name":"Shaded","section":"Shading Mode"},"sceneLighting":false,"audioPlay":false,"sceneViewState":{"showFog":true,"showMaterialUpdate":false,"showSkybox":false,"showFlares":true,"showImageEffects":true,"showParticleSystems":true},"in2DMode":false,"pivot":{"x":0.07421875,"y":1.5872350931167603,"z":-0.2901719808578491},"rotation":{"x":0.0021117550786584617,"y":-0.7102785110473633,"z":0.0021308406721800567,"w":0.7039144039154053},"size":2.6341254711151125,"orthographic":true}