{"cameraMode":{"drawMode":0,"name":"Shaded","section":"Shading Mode"},"sceneLighting":false,"audioPlay":false,"sceneViewState":{"showFog":true,"showMaterialUpdate":false,"showSkybox":false,"showFlares":true,"showImageEffects":true,"showParticleSystems":true},"in2DMode":false,"pivot":{"x":0.0,"y":9.426857948303223,"z":0.000003814697265625},"rotation":{"x":-0.05157049745321274,"y":0.9480682611465454,"z":-0.20802734792232514,"w":-0.235014408826828},"size":184.39427185058595,"orthographic":false}