{"cameraMode":{"drawMode":0,"name":"Shaded","section":"Shading Mode"},"sceneLighting":false,"audioPlay":false,"sceneViewState":{"showFog":true,"showMaterialUpdate":false,"showSkybox":false,"showFlares":true,"showImageEffects":true,"showParticleSystems":true},"in2DMode":false,"pivot":{"x":255.95205688476563,"y":343.0796813964844,"z":-213.906982421875},"rotation":{"x":-0.04605476185679436,"y":0.9431983828544617,"z":-0.14776332676410676,"w":-0.29399171471595766},"size":1.9318931102752686,"orthographic":false}