{"cameraMode":{"drawMode":0,"name":"Shaded","section":"Shading Mode"},"sceneLighting":true,"audioPlay":false,"sceneViewState":{"showFog":true,"showMaterialUpdate":false,"showSkybox":true,"showFlares":true,"showImageEffects":true,"showParticleSystems":true},"in2DMode":false,"pivot":{"x":176.89183044433595,"y":340.58056640625,"z":-214.25489807128907},"rotation":{"x":0.24031473696231843,"y":-0.514845609664917,"z":0.15301910042762757,"w":0.8085598945617676},"size":8.742682456970215,"orthographic":false}