{"cameraMode":{"drawMode":0,"name":"Shaded","section":"Shading Mode"},"sceneLighting":false,"audioPlay":false,"sceneViewState":{"showFog":true,"showMaterialUpdate":false,"showSkybox":false,"showFlares":true,"showImageEffects":true,"showParticleSystems":true},"in2DMode":false,"pivot":{"x":326.7764892578125,"y":277.22393798828127,"z":176.7763671875},"rotation":{"x":0.08957542479038239,"y":0.2626988887786865,"z":-0.024501679465174676,"w":0.9603983759880066},"size":3.1227903366088869,"orthographic":true}