{"cameraMode":{"drawMode":0,"name":"Shaded","section":"Shading Mode"},"sceneLighting":false,"audioPlay":false,"sceneViewState":{"showFog":true,"showMaterialUpdate":false,"showSkybox":false,"showFlares":true,"showImageEffects":true,"showParticleSystems":true},"in2DMode":false,"pivot":{"x":0.004564268048852682,"y":0.49843183159828188,"z":0.0},"rotation":{"x":-0.16588588058948518,"y":0.7704315781593323,"z":-0.22270815074443818,"w":-0.5738645792007446},"size":0.6595402956008911,"orthographic":true}