{"cameraMode":{"drawMode":0,"name":"Shaded","section":"Shading Mode"},"sceneLighting":false,"audioPlay":false,"sceneViewState":{"showFog":true,"showMaterialUpdate":false,"showSkybox":false,"showFlares":true,"showImageEffects":true,"showParticleSystems":true},"in2DMode":false,"pivot":{"x":0.12820610404014588,"y":-0.0034842491149902345,"z":0.0003020763397216797},"rotation":{"x":-0.055885396897792819,"y":0.8779879212379456,"z":-0.10586719214916229,"w":-0.4634742736816406},"size":0.5636881589889526,"orthographic":true}