{"cameraMode":{"drawMode":0,"name":"Shaded","section":"Shading Mode"},"sceneLighting":false,"audioPlay":false,"sceneViewState":{"showFog":true,"showMaterialUpdate":false,"showSkybox":false,"showFlares":true,"showImageEffects":true,"showParticleSystems":true},"in2DMode":false,"pivot":{"x":405.361572265625,"y":344.0339050292969,"z":-254.3645477294922},"rotation":{"x":-0.002261900808662176,"y":0.9919118881225586,"z":-0.01785622537136078,"w":-0.12564629316329957},"size":1.2132564783096314,"orthographic":true}