{"cameraMode":{"drawMode":0,"name":"Shaded","section":"Shading Mode"},"sceneLighting":false,"audioPlay":false,"sceneViewState":{"showFog":true,"showMaterialUpdate":false,"showSkybox":false,"showFlares":true,"showImageEffects":true,"showParticleSystems":true},"in2DMode":false,"pivot":{"x":82.55523681640625,"y":322.0213317871094,"z":292.88250732421877},"rotation":{"x":0.19995570182800294,"y":0.4643842875957489,"z":-0.10848741233348847,"w":0.8559179306030273},"size":967.8728637695313,"orthographic":false}