{"cameraMode":{"drawMode":0,"name":"Shaded","section":"Shading Mode"},"sceneLighting":false,"audioPlay":false,"sceneViewState":{"showFog":true,"showMaterialUpdate":false,"showSkybox":false,"showFlares":true,"showImageEffects":true,"showParticleSystems":true},"in2DMode":false,"pivot":{"x":0.0,"y":6.5068793296813969,"z":0.000080108642578125},"rotation":{"x":-0.021346984431147577,"y":-0.9728965759277344,"z":0.20736582577228547,"w":-0.10017474740743637},"size":43.64558029174805,"orthographic":false}