{"cameraMode":{"drawMode":0,"name":"Shaded","section":"Shading Mode"},"sceneLighting":false,"audioPlay":false,"sceneViewState":{"showFog":true,"showMaterialUpdate":false,"showSkybox":false,"showFlares":true,"showImageEffects":true,"showParticleSystems":true},"in2DMode":false,"pivot":{"x":-0.0049829320050776009,"y":0.16835486888885499,"z":0.0006103515625},"rotation":{"x":0.2937506437301636,"y":0.10440071672201157,"z":-0.03229452669620514,"w":0.9496157169342041},"size":0.7176493406295776,"orthographic":true}