{"cameraMode":{"drawMode":0,"name":"Shaded","section":"Shading Mode"},"sceneLighting":false,"audioPlay":false,"sceneViewState":{"showFog":true,"showMaterialUpdate":false,"showSkybox":false,"showFlares":true,"showImageEffects":true,"showParticleSystems":true},"in2DMode":false,"pivot":{"x":-0.2157762348651886,"y":0.9297688603401184,"z":0.047062814235687259},"rotation":{"x":-0.13139347732067109,"y":0.05762593075633049,"z":-0.007659275084733963,"w":-0.9896248579025269},"size":1.2101292610168458,"orthographic":false}