{"cameraMode":{"drawMode":0,"name":"Shaded","section":"Shading Mode"},"sceneLighting":false,"audioPlay":false,"sceneViewState":{"showFog":true,"showMaterialUpdate":false,"showSkybox":false,"showFlares":true,"showImageEffects":true,"showParticleSystems":true},"in2DMode":false,"pivot":{"x":0.05110931396484375,"y":0.08600044250488281,"z":-0.17900002002716065},"rotation":{"x":0.05873589217662811,"y":0.9361280798912048,"z":-0.1892753541469574,"w":0.29049983620643618},"size":4.026978015899658,"orthographic":true}