{"cameraMode":{"drawMode":0,"name":"Shaded","section":"Shading Mode"},"sceneLighting":false,"audioPlay":false,"sceneViewState":{"showFog":true,"showMaterialUpdate":false,"showSkybox":false,"showFlares":true,"showImageEffects":true,"showParticleSystems":true},"in2DMode":false,"pivot":{"x":-0.3948344588279724,"y":-0.2732504904270172,"z":-1.0178821086883546},"rotation":{"x":-0.016178879886865617,"y":0.976594865322113,"z":-0.07927759736776352,"w":-0.1993032544851303},"size":1.3649601936340333,"orthographic":false}