{"cameraMode":{"drawMode":0,"name":"Shaded","section":"Shading Mode"},"sceneLighting":false,"audioPlay":false,"sceneViewState":{"showFog":true,"showMaterialUpdate":false,"showSkybox":false,"showFlares":true,"showImageEffects":true,"showParticleSystems":true},"in2DMode":false,"pivot":{"x":-0.00762939453125,"y":0.6368408203125,"z":-0.7259521484375},"rotation":{"x":-0.12799379229545594,"y":-0.44749853014945986,"z":0.06489142775535584,"w":-0.8827002644538879},"size":1.111715316772461,"orthographic":true}