{"cameraMode":{"drawMode":0,"name":"Shaded","section":"Shading Mode"},"sceneLighting":false,"audioPlay":false,"sceneViewState":{"showFog":true,"showMaterialUpdate":false,"showSkybox":false,"showFlares":true,"showImageEffects":true,"showParticleSystems":true},"in2DMode":false,"pivot":{"x":0.09939920902252197,"y":0.05097302794456482,"z":0.24550437927246095},"rotation":{"x":-0.09356055408716202,"y":0.4628564715385437,"z":-0.04918127879500389,"w":-0.8801090121269226},"size":0.6471855044364929,"orthographic":false}