{"cameraMode":{"drawMode":0,"name":"Shaded","section":"Shading Mode"},"sceneLighting":false,"audioPlay":false,"sceneViewState":{"showFog":true,"showMaterialUpdate":false,"showSkybox":false,"showFlares":true,"showImageEffects":true,"showParticleSystems":true},"in2DMode":false,"pivot":{"x":-0.06390857696533203,"y":0.056655049324035647,"z":-0.08273768424987793},"rotation":{"x":0.2600017189979553,"y":0.23613472282886506,"z":-0.06570810824632645,"w":0.9339817762374878},"size":1.2783095836639405,"orthographic":false}