{"cameraMode":{"drawMode":0,"name":"Shaded","section":"Shading Mode"},"sceneLighting":false,"audioPlay":false,"sceneViewState":{"showFog":true,"showMaterialUpdate":false,"showSkybox":false,"showFlares":true,"showImageEffects":true,"showParticleSystems":true},"in2DMode":false,"pivot":{"x":1.3044767379760743,"y":0.91796875,"z":-5.929523468017578},"rotation":{"x":0.3007638454437256,"y":0.10699696093797684,"z":-0.03397927060723305,"w":0.9470692276954651},"size":1.7159572839736939,"orthographic":true}