{"cameraMode":{"drawMode":0,"name":"Shaded","section":"Shading Mode"},"sceneLighting":false,"audioPlay":false,"sceneViewState":{"showFog":true,"showMaterialUpdate":false,"showSkybox":false,"showFlares":true,"showImageEffects":true,"showParticleSystems":true},"in2DMode":false,"pivot":{"x":0.02020375430583954,"y":1.6751054525375367,"z":-0.05674852430820465},"rotation":{"x":0.12394865602254868,"y":0.4088449478149414,"z":-0.05615660548210144,"w":0.9024022221565247},"size":3.030153751373291,"orthographic":true}