{"cameraMode":{"drawMode":0,"name":"Shaded","section":"Shading Mode"},"sceneLighting":false,"audioPlay":false,"sceneViewState":{"showFog":true,"showMaterialUpdate":false,"showSkybox":false,"showFlares":true,"showImageEffects":true,"showParticleSystems":true},"in2DMode":false,"pivot":{"x":-0.0530238151550293,"y":0.6603847742080689,"z":-0.257138729095459},"rotation":{"x":0.1709539294242859,"y":0.08867766708135605,"z":-0.015424875542521477,"w":0.9811789989471436},"size":0.9929067492485046,"orthographic":false}