{"cameraMode":{"drawMode":0,"name":"Shaded","section":"Shading Mode"},"sceneLighting":false,"audioPlay":false,"sceneViewState":{"showFog":true,"showMaterialUpdate":false,"showSkybox":false,"showFlares":true,"showImageEffects":true,"showParticleSystems":true},"in2DMode":false,"pivot":{"x":390.4586486816406,"y":343.28656005859377,"z":-252.5988311767578},"rotation":{"x":0.10812540352344513,"y":-0.808833122253418,"z":0.15723282098770142,"w":0.5562155842781067},"size":50.96296310424805,"orthographic":true}