{"cameraMode":{"drawMode":0,"name":"Shaded","section":"Shading Mode"},"sceneLighting":false,"audioPlay":false,"sceneViewState":{"showFog":true,"showMaterialUpdate":false,"showSkybox":false,"showFlares":true,"showImageEffects":true,"showParticleSystems":true},"in2DMode":false,"pivot":{"x":-0.1153564453125,"y":0.6031494140625,"z":-0.3211669921875},"rotation":{"x":-0.19711950421333314,"y":0.7949537634849548,"z":-0.33797669410705569,"w":-0.4636436998844147},"size":1.035751223564148,"orthographic":true}