{"cameraMode":{"drawMode":0,"name":"Shaded","section":"Shading Mode"},"sceneLighting":false,"audioPlay":false,"sceneViewState":{"showFog":true,"showMaterialUpdate":false,"showSkybox":false,"showFlares":true,"showImageEffects":true,"showParticleSystems":true},"in2DMode":false,"pivot":{"x":2.6996753215789797,"y":5.8865156173706059,"z":0.23820605874061585},"rotation":{"x":-0.002424508100375533,"y":0.9904206991195679,"z":-0.1369447559118271,"w":-0.017536165192723275},"size":3.2987475395202638,"orthographic":true}