{"cameraMode":{"drawMode":0,"name":"Shaded","section":"Shading Mode"},"sceneLighting":false,"audioPlay":false,"sceneViewState":{"showFog":true,"showMaterialUpdate":false,"showSkybox":false,"showFlares":true,"showImageEffects":true,"showParticleSystems":true},"in2DMode":false,"pivot":{"x":336.3154296875,"y":280.70458984375,"z":194.7841796875},"rotation":{"x":-0.037887368351221088,"y":0.90621417760849,"z":-0.0831918716430664,"w":-0.41282105445861819},"size":7.258711338043213,"orthographic":true}