{"cameraMode":{"drawMode":0,"name":"Shaded","section":"Shading Mode"},"sceneLighting":false,"audioPlay":false,"sceneViewState":{"showFog":true,"showMaterialUpdate":false,"showSkybox":false,"showFlares":true,"showImageEffects":true,"showParticleSystems":true},"in2DMode":false,"pivot":{"x":-5.960464477539063e-8,"y":-0.032468944787979129,"z":0.012499998323619366},"rotation":{"x":-0.08958909660577774,"y":0.8984995484352112,"z":-0.21702301502227784,"w":-0.3709090054035187},"size":0.5077482461929321,"orthographic":true}