{"cameraMode":{"drawMode":0,"name":"Shaded","section":"Shading Mode"},"sceneLighting":false,"audioPlay":false,"sceneViewState":{"showFog":true,"showMaterialUpdate":false,"showSkybox":false,"showFlares":true,"showImageEffects":true,"showParticleSystems":true},"in2DMode":false,"pivot":{"x":256.1654357910156,"y":342.67926025390627,"z":-213.906982421875},"rotation":{"x":-0.010978827252984047,"y":0.9844169020652771,"z":-0.06654925644397736,"w":-0.1624019294977188},"size":1.4685609340667725,"orthographic":true}