{"cameraMode":{"drawMode":0,"name":"Shaded","section":"Shading Mode"},"sceneLighting":false,"audioPlay":false,"sceneViewState":{"showFog":true,"showMaterialUpdate":false,"showSkybox":false,"showFlares":true,"showImageEffects":true,"showParticleSystems":true},"in2DMode":false,"pivot":{"x":0.2472168207168579,"y":0.5925299525260925,"z":0.10285770893096924},"rotation":{"x":0.17986726760864259,"y":-0.32782289385795596,"z":0.06372709572315216,"w":0.9252697229385376},"size":0.5822063684463501,"orthographic":false}