{"cameraMode":{"drawMode":0,"name":"Shaded","section":"Shading Mode"},"sceneLighting":false,"audioPlay":false,"sceneViewState":{"showFog":true,"showMaterialUpdate":false,"showSkybox":false,"showFlares":true,"showImageEffects":true,"showParticleSystems":true},"in2DMode":false,"pivot":{"x":-0.656982421875,"y":3.31298828125,"z":0.1005859375},"rotation":{"x":-0.01603911817073822,"y":0.9832518100738525,"z":-0.10809830576181412,"w":-0.1458958089351654},"size":5.220755577087402,"orthographic":true}