{"cameraMode":{"drawMode":0,"name":"Shaded","section":"Shading Mode"},"sceneLighting":false,"audioPlay":false,"sceneViewState":{"showFog":true,"showMaterialUpdate":false,"showSkybox":false,"showFlares":true,"showImageEffects":true,"showParticleSystems":true},"in2DMode":false,"pivot":{"x":-0.0003757476806640625,"y":0.06202042102813721,"z":-0.8972418308258057},"rotation":{"x":-0.3793623745441437,"y":0.5904580354690552,"z":-0.36682194471359255,"w":-0.6106448173522949},"size":12.750287055969239,"orthographic":false}