{"cameraMode":{"drawMode":0,"name":"Shaded","section":"Shading Mode"},"sceneLighting":false,"audioPlay":false,"sceneViewState":{"showFog":true,"showMaterialUpdate":false,"showSkybox":false,"showFlares":true,"showImageEffects":true,"showParticleSystems":true},"in2DMode":false,"pivot":{"x":-27.73736572265625,"y":8.637454986572266,"z":-3.65484619140625},"rotation":{"x":0.04250679537653923,"y":-0.9488729238510132,"z":0.14573641121387483,"w":0.2767566442489624},"size":11.963759422302246,"orthographic":true}