{"cameraMode":{"drawMode":0,"name":"Shaded","section":"Shading Mode"},"sceneLighting":false,"audioPlay":false,"sceneViewState":{"showFog":true,"showMaterialUpdate":false,"showSkybox":false,"showFlares":true,"showImageEffects":true,"showParticleSystems":true},"in2DMode":false,"pivot":{"x":-0.4439411163330078,"y":1.3541245460510255,"z":0.06308269500732422},"rotation":{"x":-0.162692129611969,"y":0.3366568982601166,"z":-0.059187136590480807,"w":-0.9255815148353577},"size":7.2298502922058109,"orthographic":false}