{"cameraMode":{"drawMode":0,"name":"Shaded","section":"Shading Mode"},"sceneLighting":false,"audioPlay":false,"sceneViewState":{"showFog":true,"showMaterialUpdate":false,"showSkybox":false,"showFlares":true,"showImageEffects":true,"showParticleSystems":true},"in2DMode":false,"pivot":{"x":-0.8328733444213867,"y":6.103316307067871,"z":2.6215906143188478},"rotation":{"x":-0.13761313259601594,"y":-0.4173406660556793,"z":0.06409767270088196,"w":-0.8959823250770569},"size":5.409017086029053,"orthographic":false}