{"cameraMode":{"drawMode":0,"name":"Shaded","section":"Shading Mode"},"sceneLighting":false,"audioPlay":false,"sceneViewState":{"showFog":true,"showMaterialUpdate":false,"showSkybox":false,"showFlares":true,"showImageEffects":true,"showParticleSystems":true},"in2DMode":false,"pivot":{"x":0.70220947265625,"y":3.83953857421875,"z":0.45306396484375},"rotation":{"x":0.1586788445711136,"y":-0.8374624848365784,"z":0.3232782483100891,"w":0.4110637903213501},"size":0.8325813412666321,"orthographic":true}