{"cameraMode":{"drawMode":0,"name":"Shaded","section":"Shading Mode"},"sceneLighting":false,"audioPlay":false,"sceneViewState":{"showFog":true,"showMaterialUpdate":false,"showSkybox":false,"showFlares":true,"showImageEffects":true,"showParticleSystems":true},"in2DMode":false,"pivot":{"x":-0.1153564453125,"y":0.6031494140625,"z":-0.3211669921875},"rotation":{"x":-0.06210045516490936,"y":0.655114471912384,"z":-0.054169949144124988,"w":-0.7510236501693726},"size":1.035751223564148,"orthographic":true}