{"cameraMode":{"drawMode":0,"name":"Shaded","section":"Shading Mode"},"sceneLighting":false,"audioPlay":false,"sceneViewState":{"showFog":true,"showMaterialUpdate":false,"showSkybox":false,"showFlares":true,"showImageEffects":true,"showParticleSystems":true},"in2DMode":false,"pivot":{"x":0.7802734375,"y":1.832245111465454,"z":-0.1645723432302475},"rotation":{"x":0.03745926171541214,"y":-0.2185564488172531,"z":0.008395780809223652,"w":0.9750698804855347},"size":2.7795138359069826,"orthographic":true}