{"cameraMode":{"drawMode":0,"name":"Shaded","section":"Shading Mode"},"sceneLighting":false,"audioPlay":false,"sceneViewState":{"showFog":true,"showMaterialUpdate":false,"showSkybox":false,"showFlares":true,"showImageEffects":true,"showParticleSystems":true},"in2DMode":false,"pivot":{"x":-0.6913843154907227,"y":5.415874481201172,"z":-1.270583152770996},"rotation":{"x":0.0074034323915839199,"y":-0.7601938843727112,"z":0.008665729314088822,"w":0.6496001482009888},"size":6.00502872467041,"orthographic":false}