{"cameraMode":{"drawMode":0,"name":"Shaded","section":"Shading Mode"},"sceneLighting":false,"audioPlay":false,"sceneViewState":{"showFog":true,"showMaterialUpdate":false,"showSkybox":false,"showFlares":true,"showImageEffects":true,"showParticleSystems":true},"in2DMode":false,"pivot":{"x":-0.0018310546875,"y":0.32450070977211,"z":-0.013343068771064282},"rotation":{"x":0.014558610506355763,"y":0.6650993227958679,"z":0.012971047312021256,"w":-0.7465002536773682},"size":1.0220621824264527,"orthographic":true}