{"cameraMode":{"drawMode":0,"name":"Shaded","section":"Shading Mode"},"sceneLighting":false,"audioPlay":false,"sceneViewState":{"showFog":true,"showMaterialUpdate":false,"showSkybox":false,"showFlares":true,"showImageEffects":true,"showParticleSystems":true},"in2DMode":false,"pivot":{"x":-0.1599750518798828,"y":10.149155616760254,"z":0.6791353225708008},"rotation":{"x":-0.11522850394248963,"y":0.82401442527771,"z":-0.18107041716575623,"w":-0.5243436098098755},"size":12.63113021850586,"orthographic":false}