{"cameraMode":{"drawMode":0,"name":"Shaded","section":"Shading Mode"},"sceneLighting":false,"audioPlay":false,"sceneViewState":{"showFog":true,"showMaterialUpdate":false,"showSkybox":false,"showFlares":true,"showImageEffects":true,"showParticleSystems":true},"in2DMode":false,"pivot":{"x":-1.862645149230957e-9,"y":-1.0318212509155274,"z":-0.041500024497509},"rotation":{"x":0.19579745829105378,"y":0.09426859021186829,"z":-0.01891261897981167,"w":0.9759195446968079},"size":1.3754862546920777,"orthographic":true}