{"cameraMode":{"drawMode":0,"name":"Shaded","section":"Shading Mode"},"sceneLighting":false,"audioPlay":false,"sceneViewState":{"showFog":true,"showMaterialUpdate":false,"showSkybox":false,"showFlares":true,"showImageEffects":true,"showParticleSystems":true},"in2DMode":false,"pivot":{"x":384.520263671875,"y":343.7672119140625,"z":-251.46884155273438},"rotation":{"x":-0.11386474221944809,"y":0.8473805785179138,"z":-0.20198680460453034,"w":-0.47768425941467287},"size":1.064969778060913,"orthographic":false}