{"cameraMode":{"drawMode":0,"name":"Shaded","section":"Shading Mode"},"sceneLighting":false,"audioPlay":false,"sceneViewState":{"showFog":true,"showMaterialUpdate":false,"showSkybox":false,"showFlares":true,"showImageEffects":true,"showParticleSystems":true},"in2DMode":false,"pivot":{"x":0.0169677734375,"y":0.501220703125,"z":0.21849441528320313},"rotation":{"x":0.008022968657314778,"y":-0.4532237648963928,"z":0.004078051541000605,"w":0.8913546204566956},"size":1.089355230331421,"orthographic":true}