{"cameraMode":{"drawMode":0,"name":"Shaded","section":"Shading Mode"},"sceneLighting":false,"audioPlay":false,"sceneViewState":{"showFog":true,"showMaterialUpdate":false,"showSkybox":false,"showFlares":true,"showImageEffects":true,"showParticleSystems":true},"in2DMode":false,"pivot":{"x":-0.28702282905578616,"y":1.10009765625,"z":0.8013511300086975},"rotation":{"x":0.12917804718017579,"y":0.8528463244438171,"z":-0.2506951093673706,"w":0.43945375084877016},"size":2.4317195415496828,"orthographic":true}