{"cameraMode":{"drawMode":0,"name":"Shaded","section":"Shading Mode"},"sceneLighting":false,"audioPlay":false,"sceneViewState":{"showFog":true,"showMaterialUpdate":false,"showSkybox":false,"showFlares":true,"showImageEffects":true,"showParticleSystems":true},"in2DMode":false,"pivot":{"x":0.7071533203125,"y":-0.02392578125,"z":0.449462890625},"rotation":{"x":0.2599993050098419,"y":0.6792374849319458,"z":-0.2823069095611572,"w":0.6255785226821899},"size":4.815842628479004,"orthographic":true}