{"cameraMode":{"drawMode":0,"name":"Shaded","section":"Shading Mode"},"sceneLighting":false,"audioPlay":false,"sceneViewState":{"showFog":true,"showMaterialUpdate":false,"showSkybox":false,"showFlares":true,"showImageEffects":true,"showParticleSystems":true},"in2DMode":false,"pivot":{"x":2.2634735107421877,"y":2.0263671875,"z":-0.06884765625},"rotation":{"x":0.0018769247690215707,"y":0.9933744668960571,"z":-0.11373788863420487,"w":0.016392067074775697},"size":2.373657464981079,"orthographic":true}