{"cameraMode":{"drawMode":0,"name":"Shaded","section":"Shading Mode"},"sceneLighting":false,"audioPlay":false,"sceneViewState":{"showFog":true,"showMaterialUpdate":false,"showSkybox":false,"showFlares":true,"showImageEffects":true,"showParticleSystems":true},"in2DMode":false,"pivot":{"x":0.09326171875,"y":0.013400616124272347,"z":0.12336869537830353},"rotation":{"x":0.001766442903317511,"y":0.9923423528671265,"z":-0.12267739325761795,"w":0.014288989827036858},"size":1.0867226123809815,"orthographic":true}