{"cameraMode":{"drawMode":0,"name":"Shaded","section":"Shading Mode"},"sceneLighting":false,"audioPlay":false,"sceneViewState":{"showFog":true,"showMaterialUpdate":false,"showSkybox":false,"showFlares":true,"showImageEffects":true,"showParticleSystems":true},"in2DMode":false,"pivot":{"x":-0.09337246417999268,"y":0.6086525917053223,"z":-0.0747496485710144},"rotation":{"x":0.0029288737569004299,"y":-0.9760910272598267,"z":-0.013178051449358464,"w":-0.21694496273994447},"size":1.1279892921447755,"orthographic":true}