{"cameraMode":{"drawMode":0,"name":"Shaded","section":"Shading Mode"},"sceneLighting":false,"audioPlay":false,"sceneViewState":{"showFog":true,"showMaterialUpdate":false,"showSkybox":false,"showFlares":true,"showImageEffects":true,"showParticleSystems":true},"in2DMode":false,"pivot":{"x":324.87646484375,"y":277.5528869628906,"z":180.60400390625},"rotation":{"x":0.07662405073642731,"y":0.3201510012149811,"z":-0.02598903328180313,"w":0.9439055323600769},"size":2.3375706672668459,"orthographic":true}