{"cameraMode":{"drawMode":0,"name":"Shaded","section":"Shading Mode"},"sceneLighting":false,"audioPlay":false,"sceneViewState":{"showFog":true,"showMaterialUpdate":false,"showSkybox":false,"showFlares":true,"showImageEffects":true,"showParticleSystems":true},"in2DMode":false,"pivot":{"x":217.0830535888672,"y":342.0230712890625,"z":-211.4346923828125},"rotation":{"x":0.02369028702378273,"y":-0.9108272790908814,"z":0.052794042974710467,"w":0.4087144434452057},"size":0.7215403914451599,"orthographic":true}