{"cameraMode":{"drawMode":0,"name":"Shaded","section":"Shading Mode"},"sceneLighting":false,"audioPlay":false,"sceneViewState":{"showFog":true,"showMaterialUpdate":false,"showSkybox":false,"showFlares":true,"showImageEffects":true,"showParticleSystems":true},"in2DMode":false,"pivot":{"x":0.01239013671875,"y":0.7735595703125,"z":0.45849609375},"rotation":{"x":0.11171033978462219,"y":-0.8877072334289551,"z":0.2981255352497101,"w":0.3326566517353058},"size":0.8934921026229858,"orthographic":true}