{"cameraMode":{"drawMode":0,"name":"Shaded","section":"Shading Mode"},"sceneLighting":false,"audioPlay":false,"sceneViewState":{"showFog":true,"showMaterialUpdate":false,"showSkybox":false,"showFlares":true,"showImageEffects":true,"showParticleSystems":true},"in2DMode":false,"pivot":{"x":0.889404296875,"y":3.744384765625,"z":-0.00390625},"rotation":{"x":0.09686389565467835,"y":-0.8970493078231812,"z":0.24479073286056519,"w":0.3549647033214569},"size":1.9714503288269044,"orthographic":true}