{"cameraMode":{"drawMode":0,"name":"Shaded","section":"Shading Mode"},"sceneLighting":false,"audioPlay":false,"sceneViewState":{"showFog":true,"showMaterialUpdate":false,"showSkybox":false,"showFlares":true,"showImageEffects":true,"showParticleSystems":true},"in2DMode":false,"pivot":{"x":199.67041015625,"y":342.2294921875,"z":-215.5699462890625},"rotation":{"x":0.13569709658622743,"y":0.5164487957954407,"z":-0.08329103887081146,"w":0.8414027690887451},"size":1.9929378032684327,"orthographic":true}