{"cameraMode":{"drawMode":0,"name":"Shaded","section":"Shading Mode"},"sceneLighting":false,"audioPlay":false,"sceneViewState":{"showFog":true,"showMaterialUpdate":false,"showSkybox":false,"showFlares":true,"showImageEffects":true,"showParticleSystems":true},"in2DMode":false,"pivot":{"x":-0.0005679130554199219,"y":0.06328771263360977,"z":-1.2792396545410157},"rotation":{"x":0.34141793847084048,"y":-0.49557167291641238,"z":0.22042468190193177,"w":0.7676298022270203},"size":7.363653659820557,"orthographic":false}