{"cameraMode":{"drawMode":0,"name":"Shaded","section":"Shading Mode"},"sceneLighting":false,"audioPlay":false,"sceneViewState":{"showFog":true,"showMaterialUpdate":false,"showSkybox":false,"showFlares":true,"showImageEffects":true,"showParticleSystems":true},"in2DMode":false,"pivot":{"x":-0.09337246417999268,"y":0.6086525917053223,"z":-0.0747496485710144},"rotation":{"x":0.20820863544940949,"y":-0.4388732314109802,"z":0.10531662404537201,"w":0.8677257299423218},"size":0.5337377786636353,"orthographic":false}