{"cameraMode":{"drawMode":0,"name":"Shaded","section":"Shading Mode"},"sceneLighting":false,"audioPlay":false,"sceneViewState":{"showFog":true,"showMaterialUpdate":false,"showSkybox":false,"showFlares":true,"showImageEffects":true,"showParticleSystems":true},"in2DMode":false,"pivot":{"x":-0.3307965397834778,"y":-0.18166488409042359,"z":0.12690365314483643},"rotation":{"x":0.05131036043167114,"y":-0.9401134848594666,"z":0.1637984663248062,"w":0.29451385140419009},"size":1.1634838581085206,"orthographic":false}