{"cameraMode":{"drawMode":0,"name":"Shaded","section":"Shading Mode"},"sceneLighting":false,"audioPlay":false,"sceneViewState":{"showFog":true,"showMaterialUpdate":false,"showSkybox":false,"showFlares":true,"showImageEffects":true,"showParticleSystems":true},"in2DMode":false,"pivot":{"x":259.87481689453127,"y":344.5100402832031,"z":-129.19114685058595},"rotation":{"x":-0.007035370450466871,"y":-0.9910842180252075,"z":0.058044176548719409,"w":-0.11997993290424347},"size":4.3198347091674809,"orthographic":false}