{"cameraMode":{"drawMode":0,"name":"Shaded","section":"Shading Mode"},"sceneLighting":false,"audioPlay":false,"sceneViewState":{"showFog":true,"showMaterialUpdate":false,"showSkybox":false,"showFlares":true,"showImageEffects":true,"showParticleSystems":true},"in2DMode":false,"pivot":{"x":330.403076171875,"y":277.46875,"z":180.59375},"rotation":{"x":0.08528352528810501,"y":0.05108635127544403,"z":-0.0043784999288618568,"w":0.9950368404388428},"size":1.7117981910705567,"orthographic":true}