{"cameraMode":{"drawMode":0,"name":"Shaded","section":"Shading Mode"},"sceneLighting":false,"audioPlay":false,"sceneViewState":{"showFog":true,"showMaterialUpdate":false,"showSkybox":false,"showFlares":true,"showImageEffects":true,"showParticleSystems":true},"in2DMode":false,"pivot":{"x":82.55523681640625,"y":322.0213317871094,"z":292.76763916015627},"rotation":{"x":-0.32859620451927187,"y":0.010553927160799504,"z":0.00015474903921131045,"w":-0.9444204568862915},"size":645.8790893554688,"orthographic":false}