{"cameraMode":{"drawMode":0,"name":"Shaded","section":"Shading Mode"},"sceneLighting":false,"audioPlay":false,"sceneViewState":{"showFog":true,"showMaterialUpdate":false,"showSkybox":false,"showFlares":true,"showImageEffects":true,"showParticleSystems":true},"in2DMode":false,"pivot":{"x":-0.00003814697265625,"y":8.839455604553223,"z":0.0},"rotation":{"x":0.1504760980606079,"y":0.33264774084091189,"z":-0.05382828786969185,"w":0.9294111132621765},"size":563.7726440429688,"orthographic":false}