{"cameraMode":{"drawMode":0,"name":"Shaded","section":"Shading Mode"},"sceneLighting":true,"audioPlay":false,"sceneViewState":{"showFog":true,"showMaterialUpdate":false,"showSkybox":true,"showFlares":true,"showImageEffects":true,"showParticleSystems":true},"in2DMode":false,"pivot":{"x":189.83291625976563,"y":340.5712585449219,"z":-232.0393829345703},"rotation":{"x":-0.228986456990242,"y":0.5963383316993713,"z":-0.1827133744955063,"w":-0.7473710775375366},"size":8.208630561828614,"orthographic":false}