{"cameraMode":{"drawMode":0,"name":"Shaded","section":"Shading Mode"},"sceneLighting":false,"audioPlay":false,"sceneViewState":{"showFog":true,"showMaterialUpdate":false,"showSkybox":false,"showFlares":true,"showImageEffects":true,"showParticleSystems":true},"in2DMode":false,"pivot":{"x":0.00412963330745697,"y":0.7608184814453125,"z":-0.814208984375},"rotation":{"x":-0.49760201573371889,"y":0.5023983716964722,"z":-0.499994695186615,"w":-0.499994695186615},"size":1.1379653215408326,"orthographic":true}