{"cameraMode":{"drawMode":0,"name":"Shaded","section":"Shading Mode"},"sceneLighting":false,"audioPlay":false,"sceneViewState":{"showFog":true,"showMaterialUpdate":false,"showSkybox":false,"showFlares":true,"showImageEffects":true,"showParticleSystems":true},"in2DMode":false,"pivot":{"x":0.231201171875,"y":1.602447509765625,"z":0.2911403477191925},"rotation":{"x":0.10960439592599869,"y":0.8270317316055298,"z":-0.17316357791423798,"w":0.5234705209732056},"size":2.6965129375457765,"orthographic":true}