{"cameraMode":{"drawMode":0,"name":"Shaded","section":"Shading Mode"},"sceneLighting":false,"audioPlay":false,"sceneViewState":{"showFog":true,"showMaterialUpdate":false,"showSkybox":false,"showFlares":true,"showImageEffects":true,"showParticleSystems":true},"in2DMode":false,"pivot":{"x":-0.011284634470939637,"y":1.1646289825439454,"z":-0.057497262954711917},"rotation":{"x":0.04044993966817856,"y":-0.9553561806678772,"z":0.15613776445388795,"w":0.24754680693149568},"size":14.911985397338868,"orthographic":true}