{"cameraMode":{"drawMode":0,"name":"Shaded","section":"Shading Mode"},"sceneLighting":false,"audioPlay":false,"sceneViewState":{"showFog":true,"showMaterialUpdate":false,"showSkybox":false,"showFlares":true,"showImageEffects":true,"showParticleSystems":true},"in2DMode":false,"pivot":{"x":0.165324404835701,"y":0.725419282913208,"z":0.16357421875},"rotation":{"x":0.1451561599969864,"y":0.13225847482681275,"z":-0.019583607092499734,"w":0.980334460735321},"size":1.4367218017578126,"orthographic":true}