{"cameraMode":{"drawMode":0,"name":"Shaded","section":"Shading Mode"},"sceneLighting":false,"audioPlay":false,"sceneViewState":{"showFog":true,"showMaterialUpdate":false,"showSkybox":false,"showFlares":true,"showImageEffects":true,"showParticleSystems":true},"in2DMode":false,"pivot":{"x":330.5546875,"y":277.6441650390625,"z":181.1962890625},"rotation":{"x":0.19908058643341065,"y":0.13911646604537965,"z":-0.028562575578689576,"w":0.969639003276825},"size":1.8345820903778077,"orthographic":true}