{"cameraMode":{"drawMode":0,"name":"Shaded","section":"Shading Mode"},"sceneLighting":false,"audioPlay":false,"sceneViewState":{"showFog":true,"showMaterialUpdate":false,"showSkybox":false,"showFlares":true,"showImageEffects":true,"showParticleSystems":true},"in2DMode":false,"pivot":{"x":-0.661442756652832,"y":-0.04293417930603027,"z":0.13034462928771974},"rotation":{"x":0.019421840086579324,"y":-0.9721533060073853,"z":0.08714030683040619,"w":0.21667353808879853},"size":2.4471852779388429,"orthographic":false}