{"cameraMode":{"drawMode":0,"name":"Shaded","section":"Shading Mode"},"sceneLighting":false,"audioPlay":false,"sceneViewState":{"showFog":true,"showMaterialUpdate":false,"showSkybox":false,"showFlares":true,"showImageEffects":true,"showParticleSystems":true},"in2DMode":false,"pivot":{"x":326.6827697753906,"y":276.69903564453127,"z":184.07061767578126},"rotation":{"x":-0.15752160549163819,"y":-0.1666141301393509,"z":0.02696499601006508,"w":-0.9729998111724854},"size":1.5128071308135987,"orthographic":false}