{"cameraMode":{"drawMode":0,"name":"Shaded","section":"Shading Mode"},"sceneLighting":false,"audioPlay":false,"sceneViewState":{"showFog":true,"showMaterialUpdate":false,"showSkybox":false,"showFlares":true,"showImageEffects":true,"showParticleSystems":true},"in2DMode":false,"pivot":{"x":27.7965087890625,"y":-10.027565002441407,"z":-24.294414520263673},"rotation":{"x":0.23439686000347138,"y":-0.056241005659103397,"z":0.01358908973634243,"w":0.9704291820526123},"size":20.299043655395509,"orthographic":false}