{"cameraMode":{"drawMode":0,"name":"Shaded","section":"Shading Mode"},"sceneLighting":false,"audioPlay":false,"sceneViewState":{"showFog":true,"showMaterialUpdate":false,"showSkybox":false,"showFlares":true,"showImageEffects":true,"showParticleSystems":true},"in2DMode":false,"pivot":{"x":-0.18408203125,"y":1.302886962890625,"z":0.41015625},"rotation":{"x":-0.03668119013309479,"y":0.8447087407112122,"z":-0.05837756767868996,"w":-0.5307670831680298},"size":1.0139838457107545,"orthographic":true}