{"cameraMode":{"drawMode":0,"name":"Shaded","section":"Shading Mode"},"sceneLighting":false,"audioPlay":false,"sceneViewState":{"showFog":true,"showMaterialUpdate":false,"showSkybox":false,"showFlares":true,"showImageEffects":true,"showParticleSystems":true},"in2DMode":false,"pivot":{"x":40.41722869873047,"y":1.7022943496704102,"z":31.797353744506837},"rotation":{"x":0.24818836152553559,"y":-0.5042268633842468,"z":0.15399059653282166,"w":0.8126863241195679},"size":3.1255242824554445,"orthographic":false}