{"cameraMode":{"drawMode":0,"name":"Shaded","section":"Shading Mode"},"sceneLighting":false,"audioPlay":false,"sceneViewState":{"showFog":true,"showMaterialUpdate":false,"showSkybox":false,"showFlares":true,"showImageEffects":true,"showParticleSystems":true},"in2DMode":false,"pivot":{"x":362.07403564453127,"y":344.22772216796877,"z":-249.48751831054688},"rotation":{"x":-0.09690701961517334,"y":0.7721515893936157,"z":-0.12144239246845246,"w":-0.6161513328552246},"size":0.5972878932952881,"orthographic":true}