{"cameraMode":{"drawMode":0,"name":"Shaded","section":"Shading Mode"},"sceneLighting":false,"audioPlay":false,"sceneViewState":{"showFog":true,"showMaterialUpdate":false,"showSkybox":false,"showFlares":true,"showImageEffects":true,"showParticleSystems":true},"in2DMode":false,"pivot":{"x":2.863431930541992,"y":6.457441329956055,"z":4.109296798706055},"rotation":{"x":0.17691782116889954,"y":-0.7785974740982056,"z":0.2518966495990753,"w":0.5468423366546631},"size":31.699485778808595,"orthographic":false}