{"cameraMode":{"drawMode":0,"name":"Shaded","section":"Shading Mode"},"sceneLighting":false,"audioPlay":false,"sceneViewState":{"showFog":true,"showMaterialUpdate":false,"showSkybox":false,"showFlares":true,"showImageEffects":true,"showParticleSystems":true},"in2DMode":false,"pivot":{"x":47.479461669921878,"y":285.3271484375,"z":188.87155151367188},"rotation":{"x":-0.08610625565052033,"y":0.8163340091705322,"z":-0.1261230856180191,"w":-0.5570773482322693},"size":405.8125915527344,"orthographic":false}