{"cameraMode":{"drawMode":0,"name":"Shaded","section":"Shading Mode"},"sceneLighting":false,"audioPlay":false,"sceneViewState":{"showFog":true,"showMaterialUpdate":false,"showSkybox":false,"showFlares":true,"showImageEffects":true,"showParticleSystems":true},"in2DMode":false,"pivot":{"x":-1.0909018516540528,"y":1.4949136972427369,"z":-1.132326602935791},"rotation":{"x":-0.03636086359620094,"y":0.960448145866394,"z":-0.15105333924293519,"w":-0.231084942817688},"size":116.5009536743164,"orthographic":false}