{"cameraMode":{"drawMode":0,"name":"Shaded","section":"Shading Mode"},"sceneLighting":false,"audioPlay":false,"sceneViewState":{"showFog":true,"showMaterialUpdate":false,"showSkybox":false,"showFlares":true,"showImageEffects":true,"showParticleSystems":true},"in2DMode":false,"pivot":{"x":0.37100785970687868,"y":0.31396484375,"z":-0.3372843861579895},"rotation":{"x":0.07483582943677902,"y":0.4172639548778534,"z":-0.03450259566307068,"w":0.9050421118736267},"size":1.489463210105896,"orthographic":true}