{"cameraMode":{"drawMode":0,"name":"Shaded","section":"Shading Mode"},"sceneLighting":false,"audioPlay":false,"sceneViewState":{"showFog":true,"showMaterialUpdate":false,"showSkybox":false,"showFlares":true,"showImageEffects":true,"showParticleSystems":true},"in2DMode":false,"pivot":{"x":0.0,"y":-1.0218290090560914,"z":-0.027104923501610757},"rotation":{"x":-0.09636276215314865,"y":0.851128339767456,"z":-0.1681063175201416,"w":-0.4878888726234436},"size":1.4707136154174805,"orthographic":true}