{"cameraMode":{"drawMode":0,"name":"Shaded","section":"Shading Mode"},"sceneLighting":false,"audioPlay":false,"sceneViewState":{"showFog":true,"showMaterialUpdate":false,"showSkybox":false,"showFlares":true,"showImageEffects":true,"showParticleSystems":true},"in2DMode":false,"pivot":{"x":-0.032468900084495547,"y":0.0,"z":0.012499998323619366},"rotation":{"x":-0.046134207397699359,"y":0.9196103811264038,"z":-0.11368584632873535,"w":-0.37318161129951479},"size":0.8998295664787293,"orthographic":true}