{"cameraMode":{"drawMode":0,"name":"Shaded","section":"Shading Mode"},"sceneLighting":false,"audioPlay":false,"sceneViewState":{"showFog":true,"showMaterialUpdate":false,"showSkybox":false,"showFlares":true,"showImageEffects":true,"showParticleSystems":true},"in2DMode":false,"pivot":{"x":107.36503601074219,"y":333.70037841796877,"z":-329.11993408203127},"rotation":{"x":0.3333776891231537,"y":0.009073374792933464,"z":-0.0032161781564354898,"w":0.9427525401115418},"size":38.575740814208987,"orthographic":false}