{"cameraMode":{"drawMode":0,"name":"Shaded","section":"Shading Mode"},"sceneLighting":false,"audioPlay":false,"sceneViewState":{"showFog":true,"showMaterialUpdate":false,"showSkybox":false,"showFlares":true,"showImageEffects":true,"showParticleSystems":true},"in2DMode":false,"pivot":{"x":8.731880187988282,"y":-5.130546569824219,"z":10.1475830078125},"rotation":{"x":0.09243456274271012,"y":0.9067816734313965,"z":-0.309985488653183,"w":0.27039289474487307},"size":60.48566436767578,"orthographic":false}