{"cameraMode":{"drawMode":0,"name":"Shaded","section":"Shading Mode"},"sceneLighting":false,"audioPlay":false,"sceneViewState":{"showFog":true,"showMaterialUpdate":false,"showSkybox":false,"showFlares":true,"showImageEffects":true,"showParticleSystems":true},"in2DMode":false,"pivot":{"x":0.07289779186248779,"y":-0.27684450149536135,"z":-0.8449108600616455},"rotation":{"x":0.4795129895210266,"y":-0.4221552908420563,"z":0.282794326543808,"w":0.7154591083526611},"size":1.2074062824249268,"orthographic":false}