{"cameraMode":{"drawMode":0,"name":"Shaded","section":"Shading Mode"},"sceneLighting":true,"audioPlay":false,"sceneViewState":{"showFog":true,"showMaterialUpdate":false,"showSkybox":false,"showFlares":true,"showImageEffects":true,"showParticleSystems":true},"in2DMode":false,"pivot":{"x":0.154296875,"y":3.65576171875,"z":2.0348052978515627},"rotation":{"x":0.044784583151340488,"y":-0.7014570832252502,"z":0.04425036907196045,"w":0.709925651550293},"size":4.637640476226807,"orthographic":true}