{"cameraMode":{"drawMode":0,"name":"Shaded","section":"Shading Mode"},"sceneLighting":false,"audioPlay":false,"sceneViewState":{"showFog":true,"showMaterialUpdate":false,"showSkybox":false,"showFlares":true,"showImageEffects":true,"showParticleSystems":true},"in2DMode":false,"pivot":{"x":2.9372503757476808,"y":1.125309944152832,"z":8.36514663696289},"rotation":{"x":0.2966238856315613,"y":0.044960953295230868,"z":-0.013981491327285767,"w":0.9538342356681824},"size":9.481400489807129,"orthographic":false}