{"cameraMode":{"drawMode":0,"name":"Shaded","section":"Shading Mode"},"sceneLighting":false,"audioPlay":false,"sceneViewState":{"showFog":true,"showMaterialUpdate":false,"showSkybox":false,"showFlares":true,"showImageEffects":true,"showParticleSystems":true},"in2DMode":false,"pivot":{"x":0.21175074577331544,"y":0.6282060146331787,"z":0.016969919204711915},"rotation":{"x":0.04073076322674751,"y":0.9592416882514954,"z":-0.20144854485988618,"w":0.1939486563205719},"size":0.982663094997406,"orthographic":true}