{"cameraMode":{"drawMode":0,"name":"Shaded","section":"Shading Mode"},"sceneLighting":false,"audioPlay":false,"sceneViewState":{"showFog":true,"showMaterialUpdate":false,"showSkybox":false,"showFlares":true,"showImageEffects":true,"showParticleSystems":true},"in2DMode":false,"pivot":{"x":0.08684730529785156,"y":-0.6019229888916016,"z":0.8972392082214356},"rotation":{"x":0.19725582003593446,"y":-0.781038761138916,"z":0.30231228470802309,"w":0.5096056461334229},"size":2.5062263011932375,"orthographic":false}