{"cameraMode":{"drawMode":0,"name":"Shaded","section":"Shading Mode"},"sceneLighting":false,"audioPlay":false,"sceneViewState":{"showFog":true,"showMaterialUpdate":false,"showSkybox":false,"showFlares":true,"showImageEffects":true,"showParticleSystems":true},"in2DMode":false,"pivot":{"x":227.1888885498047,"y":330.4177551269531,"z":-237.7060546875},"rotation":{"x":-0.6980032324790955,"y":0.0996648296713829,"z":-0.09903420507907868,"w":-0.7021993398666382},"size":17.692768096923829,"orthographic":false}