{"cameraMode":{"drawMode":0,"name":"Shaded","section":"Shading Mode"},"sceneLighting":false,"audioPlay":false,"sceneViewState":{"showFog":true,"showMaterialUpdate":false,"showSkybox":false,"showFlares":true,"showImageEffects":true,"showParticleSystems":true},"in2DMode":false,"pivot":{"x":-0.01478588581085205,"y":-0.15912747383117677,"z":0.1811445951461792},"rotation":{"x":-0.13194936513900758,"y":0.8661393523216248,"z":-0.307708740234375,"w":-0.3711073398590088},"size":18.22667121887207,"orthographic":false}