{"cameraMode":{"drawMode":0,"name":"Shaded","section":"Shading Mode"},"sceneLighting":false,"audioPlay":false,"sceneViewState":{"showFog":true,"showMaterialUpdate":false,"showSkybox":false,"showFlares":true,"showImageEffects":true,"showParticleSystems":true},"in2DMode":false,"pivot":{"x":325.950439453125,"y":323.78985595703127,"z":-279.1974182128906},"rotation":{"x":0.07044389098882675,"y":0.9281172156333923,"z":-0.23190602660179139,"w":0.28258875012397768},"size":43.085418701171878,"orthographic":false}