{"cameraMode":{"drawMode":0,"name":"Shaded","section":"Shading Mode"},"sceneLighting":false,"audioPlay":false,"sceneViewState":{"showFog":true,"showMaterialUpdate":false,"showSkybox":false,"showFlares":true,"showImageEffects":true,"showParticleSystems":true},"in2DMode":false,"pivot":{"x":-0.9718017578125,"y":0.668212890625,"z":-0.047943115234375},"rotation":{"x":0.18346735835075379,"y":0.39544954895973208,"z":-0.08094367384910584,"w":0.8963332772254944},"size":1.762117624282837,"orthographic":true}