{"cameraMode":{"drawMode":0,"name":"Shaded","section":"Shading Mode"},"sceneLighting":false,"audioPlay":false,"sceneViewState":{"showFog":true,"showMaterialUpdate":false,"showSkybox":false,"showFlares":true,"showImageEffects":true,"showParticleSystems":true},"in2DMode":false,"pivot":{"x":-0.08800005912780762,"y":0.004999999888241291,"z":0.013999998569488526},"rotation":{"x":-0.15873152017593385,"y":0.837922215461731,"z":-0.3257656395435333,"w":-0.4081977605819702},"size":2.333142042160034,"orthographic":false}