{"cameraMode":{"drawMode":0,"name":"Shaded","section":"Shading Mode"},"sceneLighting":false,"audioPlay":false,"sceneViewState":{"showFog":true,"showMaterialUpdate":false,"showSkybox":false,"showFlares":true,"showImageEffects":true,"showParticleSystems":true},"in2DMode":false,"pivot":{"x":267.6804504394531,"y":341.6461486816406,"z":-226.57179260253907},"rotation":{"x":0.15889956057071687,"y":0.5437051057815552,"z":-0.1056649312376976,"w":0.8172957897186279},"size":1.2170562744140626,"orthographic":false}