{"cameraMode":{"drawMode":0,"name":"Shaded","section":"Shading Mode"},"sceneLighting":false,"audioPlay":false,"sceneViewState":{"showFog":true,"showMaterialUpdate":false,"showSkybox":false,"showFlares":true,"showImageEffects":true,"showParticleSystems":true},"in2DMode":false,"pivot":{"x":-1.2813339233398438,"y":8.066959381103516,"z":0.7877292633056641},"rotation":{"x":0.0642957016825676,"y":-0.9229227900505066,"z":0.17653506994247437,"w":0.33606618642807009},"size":31.296627044677736,"orthographic":false}