{"cameraMode":{"drawMode":0,"name":"Shaded","section":"Shading Mode"},"sceneLighting":false,"audioPlay":false,"sceneViewState":{"showFog":true,"showMaterialUpdate":false,"showSkybox":false,"showFlares":true,"showImageEffects":true,"showParticleSystems":true},"in2DMode":false,"pivot":{"x":353.71917724609377,"y":342.2127380371094,"z":-177.17359924316407},"rotation":{"x":0.1281202733516693,"y":0.815665066242218,"z":-0.19779059290885926,"w":0.5283518433570862},"size":2.4850268363952638,"orthographic":false}