{"cameraMode":{"drawMode":0,"name":"Shaded","section":"Shading Mode"},"sceneLighting":false,"audioPlay":false,"sceneViewState":{"showFog":true,"showMaterialUpdate":false,"showSkybox":false,"showFlares":true,"showImageEffects":true,"showParticleSystems":true},"in2DMode":false,"pivot":{"x":1.9080626964569092,"y":-3.8075857162475588,"z":-3.6935925483703615},"rotation":{"x":0.07841228693723679,"y":0.9204790592193604,"z":-0.2932298183441162,"w":0.2461448758840561},"size":4.899574279785156,"orthographic":false}