{"cameraMode":{"drawMode":0,"name":"Shaded","section":"Shading Mode"},"sceneLighting":false,"audioPlay":false,"sceneViewState":{"showFog":true,"showMaterialUpdate":false,"showSkybox":false,"showFlares":true,"showImageEffects":true,"showParticleSystems":true},"in2DMode":false,"pivot":{"x":0.0,"y":9.350801467895508,"z":0.10263323783874512},"rotation":{"x":-0.10925283282995224,"y":-0.022667214274406434,"z":0.0024920981377363207,"w":-0.9937524199485779},"size":9.46170425415039,"orthographic":false}