{"cameraMode":{"drawMode":0,"name":"Shaded","section":"Shading Mode"},"sceneLighting":false,"audioPlay":false,"sceneViewState":{"showFog":true,"showMaterialUpdate":false,"showSkybox":false,"showFlares":true,"showImageEffects":true,"showParticleSystems":true},"in2DMode":false,"pivot":{"x":1.7713360786437989,"y":1.2175520658493043,"z":-1.4991793632507325},"rotation":{"x":0.1533493548631668,"y":-0.8408721089363098,"z":0.3093189299106598,"w":0.4168212115764618},"size":7.575699329376221,"orthographic":false}