{"cameraMode":{"drawMode":0,"name":"Shaded","section":"Shading Mode"},"sceneLighting":false,"audioPlay":false,"sceneViewState":{"showFog":true,"showMaterialUpdate":false,"showSkybox":false,"showFlares":true,"showImageEffects":true,"showParticleSystems":true},"in2DMode":false,"pivot":{"x":264.9488525390625,"y":341.8287353515625,"z":-224.78387451171876},"rotation":{"x":-0.21594317257404328,"y":0.4635330140590668,"z":-0.11325554549694061,"w":-0.8518778681755066},"size":165.49911499023438,"orthographic":false}