{"cameraMode":{"drawMode":0,"name":"Shaded","section":"Shading Mode"},"sceneLighting":false,"audioPlay":false,"sceneViewState":{"showFog":true,"showMaterialUpdate":false,"showSkybox":false,"showFlares":true,"showImageEffects":true,"showParticleSystems":true},"in2DMode":false,"pivot":{"x":0.0,"y":0.014999999664723874,"z":5.960464477539063e-8},"rotation":{"x":-0.15873152017593385,"y":0.837922215461731,"z":-0.3257656395435333,"w":-0.4081977605819702},"size":1.1307402849197388,"orthographic":false}