{"cameraMode":{"drawMode":0,"name":"Shaded","section":"Shading Mode"},"sceneLighting":false,"audioPlay":false,"sceneViewState":{"showFog":true,"showMaterialUpdate":false,"showSkybox":false,"showFlares":true,"showImageEffects":true,"showParticleSystems":true},"in2DMode":false,"pivot":{"x":-0.1957523077726364,"y":0.337158203125,"z":0.037569016218185428},"rotation":{"x":0.01716889813542366,"y":-0.9309931993484497,"z":0.044160183519124988,"w":0.36195114254951479},"size":3.6045477390289308,"orthographic":true}