{"cameraMode":{"drawMode":0,"name":"Shaded","section":"Shading Mode"},"sceneLighting":false,"audioPlay":false,"sceneViewState":{"showFog":true,"showMaterialUpdate":false,"showSkybox":false,"showFlares":true,"showImageEffects":true,"showParticleSystems":true},"in2DMode":false,"pivot":{"x":-20.630859375,"y":9.238839149475098,"z":8.398958206176758},"rotation":{"x":-0.005740294698625803,"y":0.9886583089828491,"z":-0.14487358927726746,"w":-0.039173346012830737},"size":16.90799903869629,"orthographic":true}