{"cameraMode":{"drawMode":0,"name":"Shaded","section":"Shading Mode"},"sceneLighting":false,"audioPlay":false,"sceneViewState":{"showFog":true,"showMaterialUpdate":false,"showSkybox":false,"showFlares":true,"showImageEffects":true,"showParticleSystems":true},"in2DMode":false,"pivot":{"x":0.005762815475463867,"y":1.4968777894973755,"z":-0.012959003448486328},"rotation":{"x":0.06967604160308838,"y":-0.4957078695297241,"z":0.039939749985933307,"w":0.8647680878639221},"size":2.551063299179077,"orthographic":true}