{"cameraMode":{"drawMode":0,"name":"Shaded","section":"Shading Mode"},"sceneLighting":false,"audioPlay":false,"sceneViewState":{"showFog":true,"showMaterialUpdate":false,"showSkybox":false,"showFlares":true,"showImageEffects":true,"showParticleSystems":true},"in2DMode":false,"pivot":{"x":0.0,"y":1.4210854715202005e-14,"z":-5.960464477539063e-8},"rotation":{"x":-0.06242448464035988,"y":-0.8976123332977295,"z":0.4148319661617279,"w":-0.13531340658664704},"size":34.768131256103519,"orthographic":false}