{"cameraMode":{"drawMode":0,"name":"Shaded","section":"Shading Mode"},"sceneLighting":false,"audioPlay":false,"sceneViewState":{"showFog":true,"showMaterialUpdate":false,"showSkybox":false,"showFlares":true,"showImageEffects":true,"showParticleSystems":true},"in2DMode":false,"pivot":{"x":374.29461669921877,"y":344.3518371582031,"z":-250.31350708007813},"rotation":{"x":-0.013250249437987805,"y":0.9863436818122864,"z":-0.10095742344856262,"w":-0.12945356965065003},"size":1.555877923965454,"orthographic":true}