{"cameraMode":{"drawMode":0,"name":"Shaded","section":"Shading Mode"},"sceneLighting":false,"audioPlay":false,"sceneViewState":{"showFog":true,"showMaterialUpdate":false,"showSkybox":false,"showFlares":true,"showImageEffects":true,"showParticleSystems":true},"in2DMode":false,"pivot":{"x":-2.2948598861694338,"y":-1.3067128658294678,"z":6.045260906219482},"rotation":{"x":-0.05559682101011276,"y":-0.6125365495681763,"z":0.043255649507045749,"w":-0.7873020768165588},"size":7.618954181671143,"orthographic":false}