{"cameraMode":{"drawMode":0,"name":"Shaded","section":"Shading Mode"},"sceneLighting":false,"audioPlay":false,"sceneViewState":{"showFog":true,"showMaterialUpdate":false,"showSkybox":false,"showFlares":true,"showImageEffects":true,"showParticleSystems":true},"in2DMode":false,"pivot":{"x":191.4632568359375,"y":341.9443359375,"z":-224.804443359375},"rotation":{"x":0.13536617159843446,"y":0.15096738934516908,"z":-0.02087446302175522,"w":0.9790052771568298},"size":2.129354476928711,"orthographic":true}