{"cameraMode":{"drawMode":0,"name":"Shaded","section":"Shading Mode"},"sceneLighting":false,"audioPlay":false,"sceneViewState":{"showFog":true,"showMaterialUpdate":false,"showSkybox":false,"showFlares":true,"showImageEffects":true,"showParticleSystems":true},"in2DMode":false,"pivot":{"x":-5.13740348815918,"y":-1.4172189235687256,"z":-3.339845657348633},"rotation":{"x":0.08941072225570679,"y":-0.8471150398254395,"z":0.1509988158941269,"w":0.5016003251075745},"size":5.280462741851807,"orthographic":false}