{"cameraMode":{"drawMode":0,"name":"Shaded","section":"Shading Mode"},"sceneLighting":false,"audioPlay":false,"sceneViewState":{"showFog":true,"showMaterialUpdate":false,"showSkybox":false,"showFlares":true,"showImageEffects":true,"showParticleSystems":true},"in2DMode":false,"pivot":{"x":358.7520751953125,"y":344.10455322265627,"z":-247.24021911621095},"rotation":{"x":0.07251805067062378,"y":-0.905074417591095,"z":0.1717185080051422,"w":0.3822227418422699},"size":0.4649697542190552,"orthographic":false}