{"cameraMode":{"drawMode":0,"name":"Shaded","section":"Shading Mode"},"sceneLighting":false,"audioPlay":false,"sceneViewState":{"showFog":true,"showMaterialUpdate":false,"showSkybox":false,"showFlares":true,"showImageEffects":true,"showParticleSystems":true},"in2DMode":false,"pivot":{"x":0.18575145304203034,"y":-0.08276528120040894,"z":0.033338308334350589},"rotation":{"x":0.27536141872406008,"y":0.014998766593635083,"z":-0.004294577054679394,"w":0.9612143635749817},"size":2.5985636711120607,"orthographic":false}