{"cameraMode":{"drawMode":0,"name":"Shaded","section":"Shading Mode"},"sceneLighting":false,"audioPlay":false,"sceneViewState":{"showFog":true,"showMaterialUpdate":false,"showSkybox":false,"showFlares":true,"showImageEffects":true,"showParticleSystems":true},"in2DMode":false,"pivot":{"x":-22.468006134033204,"y":-8.33381462097168,"z":-9.138275146484375},"rotation":{"x":-0.10120771080255509,"y":0.7333449721336365,"z":-0.11195749789476395,"w":-0.6629024744033814},"size":25.679908752441408,"orthographic":false}