{"cameraMode":{"drawMode":0,"name":"Shaded","section":"Shading Mode"},"sceneLighting":false,"audioPlay":false,"sceneViewState":{"showFog":true,"showMaterialUpdate":false,"showSkybox":false,"showFlares":true,"showImageEffects":true,"showParticleSystems":true},"in2DMode":false,"pivot":{"x":0.2461533546447754,"y":1.9042787551879883,"z":0.8906223773956299},"rotation":{"x":-0.2880113422870636,"y":0.4597132205963135,"z":-0.16051441431045533,"w":-0.8246142268180847},"size":1.9735791683197022,"orthographic":false}