{"cameraMode":{"drawMode":0,"name":"Shaded","section":"Shading Mode"},"sceneLighting":false,"audioPlay":false,"sceneViewState":{"showFog":true,"showMaterialUpdate":false,"showSkybox":false,"showFlares":true,"showImageEffects":true,"showParticleSystems":true},"in2DMode":false,"pivot":{"x":-0.017504483461380006,"y":0.7913246750831604,"z":-0.013342857360839844},"rotation":{"x":0.12782149016857148,"y":0.3398030996322632,"z":-0.046675607562065127,"w":0.930601179599762},"size":1.0220621824264527,"orthographic":true}