{"cameraMode":{"drawMode":0,"name":"Shaded","section":"Shading Mode"},"sceneLighting":false,"audioPlay":false,"sceneViewState":{"showFog":true,"showMaterialUpdate":false,"showSkybox":false,"showFlares":true,"showImageEffects":true,"showParticleSystems":true},"in2DMode":false,"pivot":{"x":-4.299792766571045,"y":6.091243743896484,"z":1.1998082399368287},"rotation":{"x":0.13160142302513123,"y":0.11570388078689575,"z":-0.015468014404177666,"w":0.9844056367874146},"size":302.87542724609377,"orthographic":true}