{"cameraMode":{"drawMode":0,"name":"Shaded","section":"Shading Mode"},"sceneLighting":false,"audioPlay":false,"sceneViewState":{"showFog":true,"showMaterialUpdate":false,"showSkybox":false,"showFlares":true,"showImageEffects":true,"showParticleSystems":true},"in2DMode":false,"pivot":{"x":-0.2822369337081909,"y":0.598214328289032,"z":0.25766295194625857},"rotation":{"x":0.16715537011623383,"y":-0.7108112573623657,"z":0.18028388917446137,"w":0.6590228080749512},"size":0.4812646508216858,"orthographic":false}