{"cameraMode":{"drawMode":0,"name":"Shaded","section":"Shading Mode"},"sceneLighting":false,"audioPlay":false,"sceneViewState":{"showFog":true,"showMaterialUpdate":false,"showSkybox":false,"showFlares":true,"showImageEffects":true,"showParticleSystems":true},"in2DMode":false,"pivot":{"x":-0.8176994323730469,"y":4.516953945159912,"z":-0.004478514194488525},"rotation":{"x":0.032265834510326388,"y":0.967445969581604,"z":-0.16406585276126862,"w":0.18997278809547425},"size":9.875354766845704,"orthographic":false}