{"cameraMode":{"drawMode":0,"name":"Shaded","section":"Shading Mode"},"sceneLighting":true,"audioPlay":false,"sceneViewState":{"showFog":true,"showMaterialUpdate":false,"showSkybox":true,"showFlares":true,"showImageEffects":true,"showParticleSystems":true},"in2DMode":false,"pivot":{"x":111.37217712402344,"y":323.58685302734377,"z":-287.96807861328127},"rotation":{"x":-0.06443680077791214,"y":0.8705037236213684,"z":-0.1185118705034256,"w":-0.47331497073173525},"size":59.503170013427737,"orthographic":false}