{"cameraMode":{"drawMode":0,"name":"Shaded","section":"Shading Mode"},"sceneLighting":false,"audioPlay":false,"sceneViewState":{"showFog":true,"showMaterialUpdate":false,"showSkybox":false,"showFlares":true,"showImageEffects":true,"showParticleSystems":true},"in2DMode":false,"pivot":{"x":-0.05194091796875,"y":0.221435546875,"z":-0.06690216064453125},"rotation":{"x":-0.035361021757125857,"y":0.9355455636978149,"z":-0.09802572429180145,"w":-0.3374820649623871},"size":0.3503226339817047,"orthographic":true}