{"cameraMode":{"drawMode":0,"name":"Shaded","section":"Shading Mode"},"sceneLighting":false,"audioPlay":false,"sceneViewState":{"showFog":true,"showMaterialUpdate":false,"showSkybox":false,"showFlares":true,"showImageEffects":true,"showParticleSystems":true},"in2DMode":false,"pivot":{"x":255.82684326171876,"y":341.97100830078127,"z":-207.447265625},"rotation":{"x":0.053568679839372638,"y":-0.31074848771095278,"z":0.01754424162209034,"w":0.948821485042572},"size":0.6788321733474731,"orthographic":true}