{"cameraMode":{"drawMode":0,"name":"Shaded","section":"Shading Mode"},"sceneLighting":false,"audioPlay":false,"sceneViewState":{"showFog":true,"showMaterialUpdate":false,"showSkybox":false,"showFlares":true,"showImageEffects":true,"showParticleSystems":true},"in2DMode":false,"pivot":{"x":-4.299793243408203,"y":5.416965961456299,"z":1.199808120727539},"rotation":{"x":-0.05355130881071091,"y":-0.9381796717643738,"z":0.2973195016384125,"w":-0.16897934675216676},"size":22.325525283813478,"orthographic":false}