{"cameraMode":{"drawMode":0,"name":"Shaded","section":"Shading Mode"},"sceneLighting":false,"audioPlay":false,"sceneViewState":{"showFog":true,"showMaterialUpdate":false,"showSkybox":false,"showFlares":true,"showImageEffects":true,"showParticleSystems":true},"in2DMode":false,"pivot":{"x":0.00006413459777832031,"y":0.000018015503883361816,"z":-0.0003523658961057663},"rotation":{"x":-0.09092666953802109,"y":0.7527446746826172,"z":-0.10636992007493973,"w":-0.6432676911354065},"size":122.90057373046875,"orthographic":false}