{"cameraMode":{"drawMode":0,"name":"Shaded","section":"Shading Mode"},"sceneLighting":false,"audioPlay":false,"sceneViewState":{"showFog":true,"showMaterialUpdate":false,"showSkybox":false,"showFlares":true,"showImageEffects":true,"showParticleSystems":true},"in2DMode":false,"pivot":{"x":-0.388671875,"y":1.926361083984375,"z":0.41461181640625},"rotation":{"x":0.029638970270752908,"y":-0.7625581622123718,"z":0.0350240096449852,"w":0.6452932357788086},"size":2.5253677368164064,"orthographic":true}